Spotify URI,Artist,Title,Genre,Year,Looked Up
spotify:track:0SyOHG2V9CgMSlebbnyoLJ,Dr. Dog,Heart It Races - Cover Version,Alternative,2007,2026-10-04
spotify:track:0tUELgOuOJ3KCsYMDDsNvD,Chris Cornell,Nothing Compares 2 U - Live At SiriusXM/2015,Rock,2016,2026-10-04
spotify:track:1kKYjjfNYxE0YYgLa7vgVY,"Kygo, Whitney Houston",Higher Love,Electro,2019,2026-10-04
spotify:track:28cnXtME493VX9NOw9cIUh,Johnny Cash,Hurt,Country,2002,2026-10-04
spotify:track:2BOqDYLOJBiMOXShCV1neZ,Calum Scott,Dancing On My Own,Pop,2015,2026-10-04
spotify:track:39HFKh08mU0aktj9UulRnY,Miley Cyrus,Jolene - Live,Pop,2012,2026-10-04
spotify:track:3pRaLNL3b8x5uBOcsgvdqM,Jeff Buckley,Hallelujah,Rock,1994,2026-10-04
spotify:track:47yfbuX2JXVg0STjXEGAps,"The Highwomen, Brandi Carlile, Natalie Hemby, Maren Morris, Amanda Shires","The Chain - From the Motion Picture Soundtrack ""The Kitchen""",Films/Games,2019,2026-10-04
spotify:track:4pR4OUNzzhK3vDY89PN1Oa,"Whitney, Waxahatchee","Take Me Home, Country Roads (ft. Waxahatchee)",Alternative,2020,2026-10-04
spotify:track:5D07RuG76DgDuJ92FGvbEj,Sturgill Simpson,In Bloom,Country,2016,2026-10-04
spotify:track:6DjQx4jUz5pN8p45XxTtwV,Travis,The Weight,Alternative,2000,2026-10-04
spotify:track:6GGA4fEbHJop37OOjK2kFR,Rufus Wainwright,Across The Universe - Remix,Rock,2001,2026-10-04
spotify:track:6ZrulPv6Q9ICEv07P3M6FV,Nick Cave & The Bad Seeds,Something's Gotten Hold of My Heart - 2009 Remaster,Alternative,1986,2026-10-04
spotify:track:7bLr0zywnoqDNmg4Dpgaws,Fountains Of Wayne,...Baby One More Time,Alternative,1999,2026-10-04
spotify:track:7qF0FfuzBFwMe1lNHkEDxW,Lana Del Rey,"Take Me Home, Country Roads",Country,2023,2026-10-04
spotify:track:0WbMK4wrZ1wFSty9F7FCgu,Chappell Roan,"Good Luck, Babe!",Pop,2024,2026-10-04
spotify:track:17Zzi8qsn8mdm0t0JTGeQo,"Waxahatchee, MJ Lenderman",Right Back to It,Folk,2023,2026-10-04
spotify:track:1cg4xD453Wuol9fNsRDbsV,Fontaines D.C.,Starburster,Alternative,2024,2026-10-04
spotify:track:1fjlaMmw1Ox94cxGGwq3eJ,Better Than Ezra,Show Em Up,Alternative,2023,2026-10-04
spotify:track:1jAhvw24wQv2puNASTzFvM,Lucius,Old Tape (feat. Adam Granduciel) - Single Edit,Alternative,2024,2026-10-04
spotify:track:1ogmejlFy4cp0KGx7aR5xK,Benjamin Booker,LWA IN THE TRAILER PARK,Alternative,2025,2026-10-04
spotify:track:1sWYVBg7ix2WAq43J9nY7E,Mk.gee,Are You Looking Up,Alternative,2023,2026-10-04
spotify:track:2262bWmqomIaJXwCRHr13j,Gigi Perez,Sailor Song,Alternative,2024,2026-10-04
spotify:track:24TyIHRNtcNihfFoWKkqzP,Friko,Where We've Been,Alternative,2023,2026-10-04
spotify:track:2FQrifJ1N335Ljm3TjTVVf,Shaboozey,A Bar Song (Tipsy),Country,2015,2026-10-04
spotify:track:46kspZSY3aKmwQe7O77fCC,Ariana Grande,we can't be friends (wait for your love),Pop,2023,2026-10-04
spotify:track:4hJ5jWbqstdYt555NhdtNk,MJ Lenderman,She's Leaving You,Alternative,2024,2026-10-04
spotify:track:6dOtVTDdiauQNBQEDOtlAB,Billie Eilish,BIRDS OF A FEATHER,Alternative,2024,2026-10-04
spotify:track:6llmbiAZjzVTqYrai0SVix,"Nick Lowe, Los Straitjackets",Jet Pac Boomerang,Rock,2024,2026-10-04
spotify:track:78SjYKRXdivtTDHBzaehnm,Kacey Musgraves,The Architect,Country,2023,2026-10-04
spotify:track:7ne4VBA60CxGM75vw0EYad,Gracie Abrams,That’s So True,Pop,2024,2026-10-04
spotify:track:1hX2gCziPCygC8hY3Hlddz,Stella Donnelly,Boys Will Be Boys,Alternative,2017,2026-10-04
spotify:track:1QD5geCq0N77YMV5oVomkE,Paul Kelly & The Coloured Girls,To Her Door,,1987,2026-10-04
spotify:track:1qQSRy9DjrGh3jtsSCU6B1,INXS,Never Tear Us Apart,Pop,1987,2026-10-04
spotify:track:1vZOMg44tCErIWtunDnorD,Jet,Look What You've Done,Rock,2003,2026-10-04
spotify:track:2bxY1baYlyXNzmjOkFvqId,INXS,New Sensation,Pop,1987,2026-10-04
spotify:track:3m4OWJ3Ovl0pXwT79bw94N,INXS,Devil Inside,,1987,2026-10-04
spotify:track:3ZZq9396zv8pcn5GYVhxUi,Men At Work,Down Under,Rock,1980,2026-10-04
spotify:track:4wCmqSrbyCgxEXROQE6vtV,"Gotye, Kimbra",Somebody That I Used To Know,Electro,2010,2026-10-04
spotify:track:5J7zqPpQkN9JZiaELHNKSL,Vance Joy,We're Going Home,Alternative,2017,2026-10-04
spotify:track:5M4yti0QxgqJieUYaEXcpw,Tame Impala,Eventually,Alternative,2015,2026-10-04
spotify:track:67P7XVkqmH9n1BWcylEjzD,The Wayfarers,Waltzing Matilda,,1989,2026-10-04
spotify:track:6hrgeEo1WQOHVeF8QMv68S,Sia,Breathe Me,Rock,2004,2026-10-04
spotify:track:6PrbbxJFuwDUUcgEjZW0jr,Midnight Oil,Forgotten Years - 2011 Remaster,Rock,1990,2026-10-04
spotify:track:6w2V1RkeTgqzhwuZa45sKJ,Courtney Barnett,Elevator Operator,Alternative,2014,2026-10-04
spotify:track:7MxAsrnMvk0WMVduvCGfTx,INXS,Don't Change - 2011 Remaster,Pop,1982,2026-10-04
spotify:track:7yq4Qj7cqayVTp3FF9CWbm,Vance Joy,Riptide,Alternative,2013,2026-10-04
spotify:track:0hDQV9X1Da5JrwhK8gu86p,Yeah Yeah Yeahs,Maps,Alternative,2003,2026-10-04
spotify:track:0lvhEsN1zkMzfp2M1o17yy,Green Day,Holiday,Alternative,2004,2026-10-04
spotify:track:1fJFuvU2ldmeAm5nFIHcPP,blink-182,First Date,Alternative,1999,2026-10-04
spotify:track:1JSTJqkT5qHq8MDJnJbRE1,The Police,Every Breath You Take,Rock,1983,2026-10-04
spotify:track:2K2M0TcglCRLLpFOzKeFZA,Cream,Sunshine Of Your Love,Rock,1967,2026-10-04
spotify:track:2sW8fmnISifQTRgnRrQTYW,Portishead,Roads,Rock,1994,2026-10-04
spotify:track:39m6vOwUEgjErRnsm93wu2,"Crosby, Stills & Nash",Wooden Ships - 2005 Remaster,Rock,1969,2026-10-04
spotify:track:3gKwVWwKmeuFtPubICbOGc,Beastie Boys,Paul Revere,Rap/Hip Hop,1986,2026-10-04
spotify:track:50mvz2sHxx13JZ2qwy8W71,Stereophonics,Don't Let the Devil Take Another Day,Alternative,2019,2026-10-04
spotify:track:5mfA2CBzQeGiTk9wFItCsS,Yeah Yeah Yeahs,Zero,Alternative,2009,2026-10-04
spotify:track:5ngPzD67jk0fLYR8ea2JD9,Ben Folds,"Army - Live at the Roseland Ballroom, New York, NY - June 2002",Pop,2002,2026-10-04
spotify:track:5pHNCZCt3daiBXs1lWopBS,Yo La Tengo,Little Eyes,Alternative,2003,2026-10-04
spotify:track:5YTM7OgQDt9EJAYcfHLniJ,"A Tribe Called Quest, Trugoy The Dove",Award Tour (feat. Trugoy The Dove),Rap/Hip Hop,1993,2026-10-04
spotify:track:5yVGW2o9LXaiiS4I3HUM3k,Khruangbin,May Ninth,Alternative,2023,2026-10-04
spotify:track:66IKflRHbI70goK9VoJaao,Built To Spill,Car,Alternative,1994,2026-10-04
spotify:track:75QFBZqwDVlVE1MdYe0iOz,Nirvana,Sappy - 2023 Remaster,Rock,1989,2026-10-04
spotify:track:0EKBV6GybPtALXUgWqWrym,Brandi Carlile,The Story,Singer & Songwriter,2005,2026-10-04
spotify:track:0juD3kJLDtQABteguxrNKT,Immortal Technique,The 3rd World,Rap/Hip Hop,2007,2026-10-04
spotify:track:2UWdUez9MB9yzL7Y81Mcip,Arcade Fire,The Suburbs,Alternative,2010,2026-10-04
spotify:track:2wG6IAQpyMpKsf7KzMwKMC,First Aid Kit,The Lion's Roar,,2011,2026-10-04
spotify:track:4KnXpJzC4a9QzbsUgoDXOc,Julien Baker,Sprained Ankle,Rock,2015,2026-10-04
spotify:track:4KROoGIaPaR1pBHPnR3bwC,Nick Drake,Pink Moon,Pop,1972,2026-10-04
spotify:track:4mWahKerLaVddUjb8d1Q4Q,David Bowie,The Man Who Sold the World - 2015 Remaster,Pop,1970,2026-10-04
spotify:track:57Xjny5yNzAcsxnusKmAfA,The Strokes,Reptilia,Pop,2003,2026-10-04
spotify:track:5872goUpkJgh11uslHaa2G,The Gaslight Anthem,The '59 Sound,Alternative,2008,2026-10-04
spotify:track:63xBnyUVKIupzjHno4wFs3,Tom Petty and the Heartbreakers,Into The Great Wide Open,Rock,1991,2026-10-04
spotify:track:65GbQI9VDTs7vo6MJL2iJA,Leon Bridges,Coming Home,R&B,2015,2026-10-04
spotify:track:6hTcuIQa0sxrrByu9wTD7s,Bruce Springsteen,Born to Run,Rock,1975,2026-10-04
spotify:track:6mFkJmJqdDVQ1REhVfGgd1,Pink Floyd,Wish You Were Here,Rock,1975,2026-10-04
spotify:track:6NDopp0RvOUyA6PCYO4JHX,The Charlatans,Tellin' Stories,Alternative,1996,2026-10-04
spotify:track:7HrzErXq3TsKOY1gmdIShB,Bruce Springsteen,The River,Rock,1980,2026-10-04
spotify:track:7t6RtYgqSMb0uQH4PpPHCn,Tedeschi Trucks Band,Let Me Get By,Rock,2015,2026-10-04
spotify:track:7wiVFHLo6nPpkSuLQNUJRd,Shovels & Rope,O' Be Joyful,Folk,2012,2026-10-04
spotify:track:1CgEzRUP0Y6XkdOM3CSygW,Ohio Express,Chewy Chewy,Pop,1967,2026-10-04
spotify:track:27L8sESb3KR79asDUBu8nW,Fountains Of Wayne,Stacy's Mom,Pop,2003,2026-10-04
spotify:track:3avYqdwHKEq8beXbeWCKqJ,Katy Perry,Last Friday Night (T.G.I.F.),Pop,2010,2026-10-04
spotify:track:4eHbdreAnSOrDDsFfc4Fpm,Whitney Houston,I Will Always Love You,Films/Games,1992,2026-10-04
spotify:track:4T5Y25pWs2pVZVcFIqFuf8,Bee Gees,You Should Be Dancing,Pop,1976,2026-10-04
spotify:track:4uUG5RXrOk84mYEfFvj3cK,"David Guetta, Bebe Rexha",I'm Good (Blue),Dance,2022,2026-10-04
spotify:track:4xdBrk0nFZaP54vvZj0yx7,Chappell Roan,HOT TO GO!,Pop,2023,2026-10-04
spotify:track:5dE8s6uWRGNc1Ac7y8rULq,Supertramp,Goodbye Stranger,Rock,1979,2026-10-04
spotify:track:5EQzuYfTZt7B2LqlvTF49l,Céline Dion,It's All Coming Back to Me Now,Pop,1996,2026-10-04
spotify:track:5eV0XIpuWFS8H7OYDDxA4E,Del The Funky Homosapien,If You Must,Rap/Hip Hop,2000,2026-10-04
spotify:track:5fWG4JDot8nHCte7gUdMUS,"Farruko, David Guetta",Pepas - David Guetta Remix - Radio Edit,Rap/Hip Hop,2021,2026-10-04
spotify:track:5TdObYbAfMpkmlRmd9UsFj,The Jeff Healey Band,Angel Eyes,Rock,1988,2026-10-04
spotify:track:6jp5izbiEvSiXXJjtDQlkb,Lindsey Buckingham,Holiday Road - 2024 Remaster,Rock,1983,2026-10-04
spotify:track:6RRNNciQGZEXnqk8SQ9yv5,Taylor Swift,You Need To Calm Down,Pop,2019,2026-10-04
spotify:track:7Jh9XDqXe3yvxovXsLYOO2,MIKA,Big Girl (You Are Beautiful),Pop,2007,2026-10-04
spotify:track:7sZDbHZiuHEzS00vzCuhqS,The Sugarhill Gang,Rapper's Delight,Rap/Hip Hop,1979,2026-10-04
spotify:track:01JIBiK28WrG4TVANW8hJY,Harry Nilsson,Jump Into the Fire - Single Version,Rock,1971,2026-10-04
spotify:track:0dlTGl67UFWcKupzkxZYOn,Guns N' Roses,You Could Be Mine,Rock,1991,2026-10-04
spotify:track:0NX14YH2t16bwwlJSfXazr,The Replacements,Can't Hardly Wait - 2008 Remaster,Rock,1984,2026-10-04
spotify:track:0oI0ekrSQ3aHiHcMi1B2gK,Connie Stevens,Sixteen Reasons,Pop,1959,2026-10-04
spotify:track:0SpdCj83hKPcwTqNzUkWXr,Aimee Mann,Wise Up,,1996,2026-10-04
spotify:track:0YTfMKGPhWhjS9wgzWvfaf,Sigur Rós,Glósóli,Alternative,2005,2026-10-04
spotify:track:1A2PWRltFrX8iB8IP3CUgo,John Parr,St. Elmos Fire (Man in Motion),Films/Games,1985,2026-10-04
spotify:track:1ajok0m1FDgGtrBguMIy5Q,ABBA,I'm A Marionette,Pop,1977,2026-10-04
spotify:track:1ixbwbeBi5ufN4noUKmW5a,M.I.A.,Paper Planes,Electro,2007,2026-10-04
spotify:track:2nMeu6UenVvwUktBCpLMK9,Lana Del Rey,Young And Beautiful,Alternative,2012,2026-10-04
spotify:track:3uCkIqD0VzQUijbs8WIizs,Nico,These Days,Rock,1966,2026-10-04
spotify:track:4nvtHI2E0ohn7sHPqBnqRb,Paul Westerberg,Dyslexic Heart,Pop,1992,2026-10-04
spotify:track:4zetUxeSCCDwrr1jJT0SuD,Elliott Smith,Miss Misery,Rock,1997,2026-10-04
spotify:track:5QmlONZ64QfkqfbGo0Wfxn,General Public,Tenderness,Alternative,1984,2026-10-04
spotify:track:6vcG9EgeqJUSmmF65lxUm6,The Chiffons,One Fine Day,Pop,1963,2026-10-04
spotify:track:6yEAAIEHu4GcUFptg5W9kI,Simple Minds,Don't You (Forget About Me),Alternative,1985,2026-10-04
spotify:track:0gMLWnTbbo9aIh7Mzknn9o,"Jason Isbell, Elizabeth Cook",Pancho & Lefty,Folk,2013,2026-10-04
spotify:track:0RteYQqW1AOq3JNL0yMWYt,Roy Orbison,You Got It,Rock,1988,2026-10-04
spotify:track:0y5CnV2idm2KkQEudDjfDT,Jeff Buckley,Last Goodbye,Rock,1994,2026-10-04
spotify:track:1tjpccwiGZTMDfHr5VGCmT,The Temptations,I Wish It Would Rain,,1967,2026-10-04
spotify:track:2aSFLiDPreOVP6KHiWk4lF,"Queen, David Bowie",Under Pressure - Remastered 2011,Pop,1981,2026-10-04
spotify:track:2GNj9KRwpxBWgEiPQc3jEj,The National,Light Years,Alternative,2019,2026-10-04
spotify:track:3YuaBvuZqcwN3CEAyyoaei,Audioslave,Like a Stone,Rock,2002,2026-10-04
spotify:track:4o9umFsPZmwRT5lve7QAps,Majical Cloudz,Downtown,Alternative,2015,2026-10-04
spotify:track:58XcU8d5cFrrtGNxfw2vTK,Otis Redding,Fa-Fa-Fa-Fa-Fa (Sad Song),R&B,1966,2026-10-04
spotify:track:5HNCy40Ni5BZJFw1TKzRsC,Pink Floyd,Comfortably Numb,Rock,1979,2026-10-04
spotify:track:5l7KTwdgBLrx2PhFHnYoQ4,Johnny Cash,Rusty Cage,Country,1996,2026-10-04
spotify:track:5YsyqcewwE0c1ukzHVciS3,Roy Orbison,In Dreams,Rock,1963,2026-10-04
spotify:track:6eLL7QTdMWdhhG4i3jHDR9,Roy Orbison,Crying,Pop,1961,2026-10-04
spotify:track:6HzZhqXNyfJxuvQ9zfCc1U,Journey,Faithfully,Pop,1983,2026-10-04
spotify:track:6usohdchdzW9oML7VC4Uhk,Teddy Swims,Lose Control,Pop,2023,2026-10-04
spotify:track:73CKjW3vsUXRpy3NnX4H7F,Radiohead,Fake Plastic Trees,Alternative,1994,2026-10-04
spotify:track:7MSWxMumjz6lHj7oRApNbg,Chris Stapleton,White Horse,Country,2023,2026-10-04
spotify:track:00KyYtT6NaXwbPecina5Pj,"Chris Young, Kane Brown",Famous Friends,Country,2019,2026-10-04
spotify:track:0TK2YIli7K1leLovkQiNik,"Shawn Mendes, Camila Cabello",Señorita,Pop,2019,2026-10-04
spotify:track:0W7AbEauB7cP4pidLclApe,Temple Of The Dog,Hunger Strike,Pop,1990,2026-10-04
spotify:track:124NFj84ppZ5pAxTuVQYCQ,"Drake, Rihanna",Take Care,Rap/Hip Hop,2011,2026-10-04
spotify:track:2igwFfvr1OAGX9SKDCPBwO,"JAŸ-Z, Alicia Keys",Empire State Of Mind,Rap/Hip Hop,2009,2026-10-04
spotify:track:2K2eLVi9HJ84T1dkifkQ9O,"John Prine, Iris DeMent",In Spite of Ourselves,Alternative,1999,2026-10-04
spotify:track:2RL2T8UJH9gYqWGyirEXdP,"Dolly Parton, Kenny Rogers",Islands In the Stream,Country,1982,2026-10-04
spotify:track:37pFLuNVnAJQL9ysRoKTdy,"Manic Street Preachers, Nina Persson",Your Love Alone Is Not Enough (feat. Nina Persson),Rock,2007,2026-10-04
spotify:track:4KULAymBBJcPRpk1yO4dOG,"Zach Bryan, Kacey Musgraves",I Remember Everything (feat. Kacey Musgraves),Country,2023,2026-10-04
spotify:track:4pvb0WLRcMtbPGmtejJJ6y,"Taylor Swift, Bon Iver",exile (feat. Bon Iver),Alternative,2020,2026-10-04
spotify:track:5Tbpp3OLLClPJF8t1DmrFD,"Dr. Dre, Snoop Dogg","Nuthin' But A ""G"" Thang",Rap/Hip Hop,1992,2026-10-04
spotify:track:6EIVLz5xM1xE29r0OmIkWt,"Glen Hansard, Markéta Irglová",Falling Slowly,Pop,2002,2026-10-04
spotify:track:6I9mM7Q3YXKYSppopUuCQN,"Tom Petty and the Heartbreakers, Stevie Nicks",Insider,Rock,1980,2026-10-04
spotify:track:6KkFRJdSFG4d9deEKQmNab,"Cher, Peter Cetera","After All (Love Theme from ""Chances Are"") - 2024 Remaster",Pop,1989,2026-10-04
spotify:track:6o1l9I0faXJN2iqulHrdCQ,"Gnarls Barkley, CeeLo Green, Danger Mouse",Crazy,Alternative,2006,2026-10-04
spotify:track:6W7ztLBiRzBN46ZaPAcQ0F,"Bill Medley, Jennifer Warnes","(I've Had) The Time Of My Life - From ""Dirty Dancing"" Soundtrack",,1987,2026-10-04
spotify:track:6Y94d2AileV6DBWh9YoO14,"Emmylou Harris, Gram Parsons",Love Hurts (with Gram Parsons) - 2008 Remaster,Pop,1987,2026-10-04
spotify:track:0BzYCJdtP00Xk8btIrAonU,Arcade Fire,No Cars Go,Alternative,2003,2026-10-04
spotify:track:0qksx8mV28lztYIZ1om8ml,Coldplay,Shiver,Rock,2000,2026-10-04
spotify:track:0X1sqQ652p1sceKM2nJlIJ,Bon Jovi,Runaway,Rock,1984,2026-10-04
spotify:track:1nT1WwzjraW3Iu8Pa8wXEi,The Smashing Pumpkins,Rhinoceros - Remastered 2011,Rock,1989,2026-10-04
spotify:track:2cHGWytemKJuckq2oLnAbZ,fun.,All The Pretty Girls,Alternative,2009,2026-10-04
spotify:track:2POARSxfbFQHxnYYGNUZoy,The Cranberries,Dreams - Pop Mix / The Cranberry Saw Us Casette Demo,Rock,1992,2026-10-04
spotify:track:2Q9WJRcxgAu63VpcDn9LmT,Sly & The Family Stone,Underdog,Soul & Funk,1967,2026-10-04
spotify:track:2SHTKB8YYlawTGIuJ2b2ok,Nirvana,About A Girl,Rock,1992,2026-10-04
spotify:track:3G87VjDnNPFBN0m97qYIea,The Avett Brothers,Paranoia in B Major,Country,2007,2026-10-04
spotify:track:55MEbqyxZphjB0beZ7YT0f,The Sugarcubes,Birthday,,1987,2026-10-04
spotify:track:58nPDufBVhMa2bT8G59CzS,Wilco,Via Chicago,Rock,1998,2026-10-04
spotify:track:5DiXcVovI0FcY2s0icWWUu,Counting Crows,Mr. Jones,Pop,1991,2026-10-04
spotify:track:5OjQHOLMSzm9gkcIhtsgMO,The White Stripes,You're Pretty Good Looking (For a Girl),Alternative,2000,2026-10-04
spotify:track:5sEeFG00rsQfHzlDWxHKJP,Regina Spektor,Samson,Alternative,2002,2026-10-04
spotify:track:6qBykIDcJ3fR6TmWETTmGM,The High Numbers,Zoot Suit,Rock,1964,2026-10-04
spotify:track:6y5eBHh57iYViDkK4Hn6R7,Fleetwood Mac,Black Magic Woman - 2018 Master,Rock,1968,2026-10-04
spotify:track:7xbD00nM35KAt04oke9sPi,Elton John,Spirit In The Sky,Pop,1994,2026-10-04
spotify:track:0aLk2Za7r0eGlLOepW2hzL,Ryan Adams,"To Be Young (Is to Be Sad, Is to Be High)",Rock,2000,2026-10-04
spotify:track:0S5cs4lAkx99tGjoWS4Jtk,The Platters,Only You (And You Alone),Pop,1955,2026-10-04
spotify:track:16GUMo6u3D2qo9a19AkYct,Billy Joel,Movin' Out (Anthony's Song),Rock,1977,2026-10-04
spotify:track:18i27OenHZv6x6z9C5mwMe,Dave Edmunds,From Small Things (Big Things One Day Come),Rock,1982,2026-10-04
spotify:track:1PtQJZVZIdWIYdARpZRDFO,Kate Bush,Running Up That Hill (A Deal With God),Pop,1985,2026-10-04
spotify:track:2AayCT1MtBtiiPYtio48fA,Modest Mouse,"Whenever You Breathe Out, I Breathe In (Positive Negative)",Alternative,1996,2026-10-04
spotify:track:33eG0IxBEVPQvErSHAIIC1,Eagles Of Death Metal,"Whorehoppin' (Shit, Goddam)",Rock,2004,2026-10-04
spotify:track:3dh2LlmeMqKJbzn2WUgt3d,U2,Pride (In The Name Of Love) - Remastered 2009,Rock,1984,2026-10-04
spotify:track:3wfF0Nw234zHY1vdIWIc2g,Father John Misty,Chateau Lobby #4 (in C for Two Virgins),Alternative,2014,2026-10-04
spotify:track:3zBhihYUHBmGd2bcQIobrF,Otis Redding,(Sittin' On) the Dock of the Bay - Mono,R&B,1964,2026-10-04
spotify:track:4ssCwrG2WRHV7QxLH91Xk8,Bruce Springsteen,"4th of July, Asbury Park (Sandy)",Rock,1974,2026-10-04
spotify:track:5AMrnF761nziCWUfjBgRUI,Elliott Smith,Waltz #2 (XO),Rock,1998,2026-10-04
spotify:track:5iSEsR6NKjlC9SrIJkyL3k,"Kid Cudi, MGMT, Ratatat",Pursuit Of Happiness (Nightmare),,2009,2026-10-04
spotify:track:5PurHGjwfAQel15O4ZIiGu,Broken Social Scene,7/4 (Shoreline),Pop,2004,2026-10-04
spotify:track:63rHAvSAvxyFX2aJ3FoHNX,Ages and Ages,Divisionary (Do the Right Thing),Alternative,2013,2026-10-04
spotify:track:63vL5oxWrlvaJ0ayNaQnbX,They Might Be Giants,Istanbul (Not Constantinople),Alternative,1990,2026-10-04
spotify:track:7iPlcFvOMOzt6v0QvcAueZ,The 1975,I Always Wanna Die (Sometimes),Alternative,2018,2026-10-04
spotify:track:0G77xJWRun3Yr7ek2482Ph,Pete Townshend,Slit Skirts,Rock,1982,2026-10-04
spotify:track:0SgYcCu6eMI3zwhbobAENd,Jack White,Shedding My Velvet,Rock,2021,2026-10-04
spotify:track:0uEp9E98JB5awlA084uaIg,Ms. Lauryn Hill,Doo Wop (That Thing),,,2026-10-04
spotify:track:0XS9TxBzCoADVJ7fYYbyZi,Raphael Saadiq,Keep Marchin',Pop,2008,2026-10-04
spotify:track:1acb8u70kClk6NjITaZyuG,Rostam,Bike Dream,Alternative,2017,2026-10-04
spotify:track:1Jte640nBiOWyuD7N0odNZ,Albert Hammond Jr,In Transit,Alternative,2006,2026-10-04
spotify:track:1mw0RgNXIpYRyyCdBQbLgA,Harry Styles,Love Of My Life,Pop,2022,2026-10-04
spotify:track:3CBKRRO3QiypbyLMJv2udO,John Fogerty,Centerfield,Rock,1985,2026-10-04
spotify:track:47cNDW1xyM03mT2kseO41a,Kurt Vile,Pretty Pimpin,Alternative,2015,2026-10-04
spotify:track:4wEbikMfcSFAukCbbL06si,Ice Cube,No Vaseline,Rap/Hip Hop,1991,2026-10-04
spotify:track:4ZExvJvQXPEeYzGU0N3THi,Steve Winwood,Higher Love,Rock,1986,2026-10-04
spotify:track:5GMQdzgtI7vtpmtps2YiYx,John Lennon,Beautiful Boy (Darling Boy) - 2010 Remastered,Rock,1980,2026-10-04
spotify:track:5hi34lvv623AqfuNEJL6z6,Craig Finn,It's Never Been A Fair Fight,Alternative,2018,2026-10-04
spotify:track:6CtdnPhSHyoRfOexN7oRyc,Adrianne Lenker,Free Treasure,Alternative,2023,2026-10-04
spotify:track:6zC0mpGYwbNTpk9SKwh08f,Eric Clapton,Wonderful Tonight,Rock,1977,2026-10-04
spotify:track:71fCbBPiiJNd1rqEbraS1v,Ol' Dirty Bastard,I Can't Wait,Rap/Hip Hop,1999,2026-10-04
spotify:track:76HJoPhDFxD7rizsbCmZND,Morrissey,Suedehead - 2011 Remaster,Rock,1988,2026-10-04
spotify:track:01PjrDX13iIjeHc5iJZmb3,Elton John,Empty Garden (Hey Hey Johnny) - Remastered 2003,Pop,1982,2026-10-04
spotify:track:0afhq8XCExXpqazXczTSve,Ed Sheeran,Galway Girl,Pop,2017,2026-10-04
spotify:track:0UxddY8WUiF13abuF5CRxM,Deer Tick,"Goodbye, Dear Friend",Alternative,2005,2026-10-04
spotify:track:1fDsrQ23eTAVFElUMaf38X,Don McLean,American Pie,Pop,1971,2026-10-04
spotify:track:1iii3DosaivkmvUDmhZhCP,The Rolling Stones,Shine A Light,Rock,1972,2026-10-04
spotify:track:1XxRYmDKuABtbtCozx3pA2,The Monkees,Me & Magdalena,Pop,2016,2026-10-04
spotify:track:2Eeur20xVqfUoM3Q7EFPFt,Taylor Swift,the last great american dynasty,Alternative,2020,2026-10-04
spotify:track:2JzZzZUQj3Qff7wapcbKjc,"Wiz Khalifa, Charlie Puth",See You Again (feat. Charlie Puth),Rap/Hip Hop,2015,2026-10-04
spotify:track:2lVPHHSn8elKFEf1d6evFG,"Phoebe Bridgers, Maria Taylor",Summer's End - Spotify Singles,,2021,2026-10-04
spotify:track:2orcl4a2qxEpbsYeZXKsyR,Big Thief,Masterpiece,Alternative,2016,2026-10-04
spotify:track:3mSf8EFROH2Lt66zu8q0QA,Travis,My Eyes,Alternative,2007,2026-10-04
spotify:track:57tIlu8lcjT29nKfWtGe6E,Steve Forbert,Wild As The Wind (A Tribute To Rick Danko),Rock,2004,2026-10-04
spotify:track:5PJ43siC3fpPua1iQrWl8f,Augustines,Book Of James,Rock,2011,2026-10-04
spotify:track:5yc5WU2tKErPmew4mCzJDJ,Ian Dury,Sweet Gene Vincent,Alternative,1977,2026-10-04
spotify:track:6DVaHNXIWcgOFftS7k5l2U,"Manu Chao, Mano Negra",Santa Maradona (Larchuma Football Club),,,2026-10-04
spotify:track:6Jf33f75yjwjjZXJDEm40J,Wheeler Walker Jr.,All The Pussy You Will Slay,Country,2018,2026-10-04
spotify:track:7AUifOWpF0QJHAkIhLBzg4,Ben Folds,Late,Pop,2004,2026-10-04
spotify:track:1gnkotdghLOSDg4OoliVRD,Prince,Little Red Corvette,Pop,1982,2026-10-04
spotify:track:1hlc58PL1XbEkAje53u9SI,Weezer,Surf Wax America - 2024 Remaster,Rock,1994,2026-10-04
spotify:track:2bNZFCJpZYOT2CMz7aGsYS,The Bottle Rockets,Waitin' on a Train,Rock,1997,2026-10-04
spotify:track:2fuYa3Lx06QQJAm0MjztKr,Radiohead,Let Down,Alternative,1996,2026-10-04
spotify:track:2igMGsVrFIxb53YnAJEPYn,Phish,Train Song,Rock,1996,2026-10-04
spotify:track:39cFQHfY6tsdMRmSbFse3X,Billy Joel,The Downeaster 'Alexa',Pop,1989,2026-10-04
spotify:track:43YpUClE4buEkjheXxysB4,Simon & Garfunkel,"Homeward Bound - Live at Carnegie Hall, New York, NY - July 1970",Rock,1965,2026-10-04
spotify:track:47rGN3hTv4f0Jq3sKW2yFI,Drive-By Truckers,Carl Perkins’ Cadillac - Remastered,Rock,2004,2026-10-04
spotify:track:4L6ZmbSmjH5swqGWrelrrN,Bruce Springsteen,Racing in the Street,Rock,1978,2026-10-04
spotify:track:5hyq3LBlCfjRQAFkdQwe8o,Charli xcx,Vroom Vroom,Alternative,2016,2026-10-04
spotify:track:5I2pryLKw0kmA41kEBBhFP,Bruce Springsteen,Land of Hope and Dreams,Rock,1999,2026-10-04
spotify:track:5rfT032kGmLvbxZzfHlu5D,Neutral Milk Hotel,In the Aeroplane Over the Sea,Alternative,1997,2026-10-04
spotify:track:6ITuEsxEy2qPhqMowdDAeI,The Clash,Train in Vain (Stand by Me) - Remastered,Alternative,2001,2026-10-04
spotify:track:6JLM3KHqooOibaZazUUXIc,Rostam,4Runner,Alternative,2020,2026-10-04
spotify:track:6nrfecLjwsQngv4LbOMrRe,Jenny Lewis,Puppy and a Truck,Alternative,2021,2026-10-04
spotify:track:6qLEOZvf5gI7kWE63JE7p3,Stone Temple Pilots,Interstate Love Song - 2019 Remaster,Alternative,1994,2026-10-04
spotify:track:7iqS8f3dwyBrVOwVbxifeW,Steve Miller Band,Jet Airliner - Remastered 2017,Rock,1977,2026-10-04
spotify:track:091SOmej015R3W0pUkc05v,Sebadoh,On Fire,Alternative,1994,2026-10-04
spotify:track:1HfsmNlg8xxhOr9N2i4Q0n,The Japanese House,Touching Yourself,Alternative,2022,2026-10-04
spotify:track:27h4upGmvuEB8TRFpF6ben,Martha,Sight for Sore Eyes,,2019,2026-10-04
spotify:track:2QyGSbGdT9suKuDKwnjwH9,Stan Bush,The Touch,Films/Games,1996,2026-10-04
spotify:track:3P4PFBvooKQCnKLml7ekdO,Grouper,Holding,Alternative,2014,2026-10-04
spotify:track:3ZZyUf7WkhfN1JkQZZ00fI,Sam Fender,People Watching,Alternative,2024,2026-10-04
spotify:track:4BVE5tIIpYabZcYCbephNW,The Doors,Touch Me,Rock,1968,2026-10-04
spotify:track:4Kf4mOfjDTJwhKs8ncLN5A,"Emerson, Lake & Powell",Touch And Go,Rock,1986,2026-10-04
spotify:track:4PINSJIlBWsnVeveicq1S8,"The Velvet Underground, Nico",I'll Be Your Mirror,Rock,1966,2026-10-04
spotify:track:57ay1Vwj6fZHdgRAlRVbOf,Benjamin Booker,Have You Seen My Son,,2014,2026-10-04
spotify:track:5sULlHsZgpu0J8otlBZQN1,Wilco,Taste the Ceiling,Alternative,2015,2026-10-04
spotify:track:6M8ijzhn7FEnNFzmi0AWM1,Brendan Benson,What I'm Looking For,,2005,2026-10-04
spotify:track:6oNvmplQGUkmAh441Teows,Divinyls,I Touch Myself,Rock,1990,2026-10-04
spotify:track:6vTtCOimcPs5H1Jr9d0Aep,Portishead,Sour Times,Rock,1994,2026-10-04
spotify:track:71eRCfoq3g4qeLNcR75Hig,Wild Cub,Thunder Clatter,Pop,2012,2026-10-04
spotify:track:7gl4P3X846By90qi9uolSM,Peter Gabriel,I Have The Touch,Rock,1982,2026-10-04
spotify:track:7hDVYcQq6MxkdJGweuCtl9,Billie Eilish,ocean eyes,Alternative,2015,2026-10-04
spotify:track:00Y9r5SfbDdEjJhNg7laQr,"Harold Faltermeyer, Steve Stevens","Top Gun Anthem - From ""Top Gun"" Original Soundtrack",Films/Games,1986,2026-10-04
spotify:track:0LiHWulNk5Vws57m9pvo9D,Booker T. & the M.G.'s,Green Onions - 2022 Remaster,Pop,2000,2026-10-04
spotify:track:0R7newiIDBkY14KTnoVXry,The Alan Parsons Project,Pipeline (2024 Remaster),Rock,1984,2026-10-04
spotify:track:0xHQuV3c496RjG7ocxBINZ,"Tim Berg, Avicii",Bromance - Avicii's Radio Edit,Electro,2009,2026-10-04
spotify:track:1BLx4ZPabO9SfTwBYc1UAs,Umphrey's McGee,Glory,Rock,2004,2026-10-04
spotify:track:1neai02kbuitydgqZA71fW,Augustines,Highway 1 Interlude,Alternative,2013,2026-10-04
spotify:track:1SXnikPeoiWybksa7TWIYh,The Surfaris,Wipe Out,Rock,1963,2026-10-04
spotify:track:1YQWosTIljIvxAgHWTp7KP,The Dave Brubeck Quartet,Take Five,Jazz,1959,2026-10-04
spotify:track:23KUlJNvJmKrRVmo3XBvxM,Allman Brothers Band,In Memory Of Elizabeth Reed,Pop,1970,2026-10-04
spotify:track:2I4xGt5bWNnbCNEkznHqRD,Mogwai,Ithica 27,,,2026-10-04
spotify:track:4uYoY8xfnbpgTVKDLolwxP,Rodrigo y Gabriela,Diablo Rojo,,2006,2026-10-04
spotify:track:54asCnYr04Q2pMv3NFTUDC,Mason Ruffner,Courage,Rock,1987,2026-10-04
spotify:track:5NcQLidkHKJHjzhhxPkbx3,Emancipator,Black Lake,Electro,2009,2026-10-04
spotify:track:5pElzLjt9iC8YrYXbGC30U,Mikis Theodorakis,Zorba's Dance,Pop,1976,2026-10-04
spotify:track:5yL4XqHU6HZrzEHmXzMYbr,"James Horner, X",Commando - Theme,Films/Games,1993,2026-10-04
spotify:track:6yTF6VkNzeiR9Ew8TdHn6X,John Tesh,Roundball Rock,Rock,1995,2026-10-04
spotify:track:74uA8uEFsKASowNnYNh6eb,Small Faces,Own Up Time,Rock,1966,2026-10-04
spotify:track:0bdo2BVBeUeDTz9clMOlmo,Skint & Demoralised,Red Lipstick,Alternative,2011,2026-10-04
spotify:track:0uxv5wfkJ18i11Wp1bDoId,"Jason Isbell and the 400 Unit, Jason Isbell",Dress Blues - Live,Rock,2012,2026-10-04
spotify:track:13bEwk7dTy0RdOAY3ZNNBD,Razorlight,Golden Touch,Rock,2004,2026-10-04
spotify:track:1uvyZBs4IZYRebHIB1747m,Prince,Purple Rain,Pop,1987,2026-10-04
spotify:track:33XeXrULGNHGsvJfEX7fKo,The Fiery Furnaces,Benton Harbour Blues (Again),Alternative,2006,2026-10-04
spotify:track:3BdHMOIA9B0bN53jbE5nWe,Mazzy Star,Blue Light,Rock,1993,2026-10-04
spotify:track:3euDGpS2R0NC2Xssqxohva,Grateful Dead,Scarlet Begonias - 2013 Remaster,Pop,1974,2026-10-04
spotify:track:3PxesQpKxcxkZAyeo7yjFI,Rick Ross,100 Black Coffins,Films/Games,2012,2026-10-04
spotify:track:3XMsiN6YOIxpWk1zKw7MOi,James,Whiteboy - Radio Edit,,2008,2026-10-04
spotify:track:4o7pdbMDw6XwfXZFCZDoUH,Freda Payne,Band Of Gold (Single Mix),Pop,1970,2026-10-04
spotify:track:59FC22eN2Syt9bbv2d6393,Death Cab for Cutie,Black Sun,Alternative,2015,2026-10-04
spotify:track:5NSpr6Z02tJCWxtOFMTp9P,Belle and Sebastian,The Blues Are Still Blue,Alternative,2005,2026-10-04
spotify:track:5OpiyfqaQLdtwHd3SfembH,"Janelle Monáe, Grimes",Pynk (feat. Grimes),R&B,2018,2026-10-04
spotify:track:5r9icICmhqTKQX0jwaFfsB,Low,So Blue,,2013,2026-10-04
spotify:track:6CHENx8iqzMwavTIz8s0gm,Hole,Violet,Rock,1991,2026-10-04
spotify:track:6S3JlDAGk3uu3NtZbPnuhS,Badfinger,Baby Blue - Remastered 2010,Rock,1971,2026-10-04
spotify:track:7eEr7lgWYudwEKEaWCPiPI,"Beyoncé, Tanner Adell, Brittney Spencer, Tiera Kennedy, Reyna Roberts",BLACKBIIRD,Country,2024,2026-10-04
spotify:track:7wTXoVGiDC9jS0oxdfwLKv,KIRBY,Black Leaves,Rock,2021,2026-10-04
spotify:track:0nuneId81O8XGxUjSCL316,Waxahatchee,Much Ado About Nothing,Folk,2024,2026-10-04
spotify:track:0SxFyA4FqmEQqZVuAlg8lf,Roberta Flack,The First Time Ever I Saw Your Face,Pop,1969,2026-10-04
spotify:track:1OVypFlcraAhyvPqIMWDor,CHVRCHES,The Mother We Share,Alternative,2012,2026-10-04
spotify:track:1UBcwKIAUHo7BYAvae6yeA,Dusty Springfield,Wishin' And Hopin',Pop,1964,2026-10-04
spotify:track:2Dp1pMuy1xm8s2bKXl1m3q,Jefferson Starship,Show Yourself,Rock,1977,2026-10-04
spotify:track:2IMIbiJlbi0pIs3FBpKFhS,Duffy,Warwick Avenue,,2007,2026-10-04
spotify:track:2P5yIMu2DNeMXTyOANKS6k,Mitski,Nobody,Alternative,2018,2026-10-04
spotify:track:3IZXUxoL1Q7yUj5mh3Tmqp,Tori Amos,Silent All These Years,Pop,1991,2026-10-04
spotify:track:46pF1zFimM582ss1PrMy68,Darlene Love,Christmas (Baby Please Come Home),Classical,1963,2026-10-04
spotify:track:4lY95OMGb9WxP6IYut64ir,Florence + The Machine,Shake It Out,Pop,2011,2026-10-04
spotify:track:4sYhsIGQV2DRzYuTIBSoFN,S.G. Goodman,Space And Time,Rock,2020,2026-10-04
spotify:track:5hMffqN6nHPltws5nhjTpR,HAIM,Don't Wanna,,2020,2026-10-04
spotify:track:5omrod7aSABIjugObd9gKK,Susan Tedeschi,Just Won't Burn,Rock,1998,2026-10-04
spotify:track:6tdixrrHbOHQfdamvcyOes,AURORA,Life On Mars,Films/Games,2016,2026-10-04
spotify:track:7Ca3Zb8wejNYCoei3tlJ9e,Etta James,All I Could Do Was Cry,Rock,1960,2026-10-04
spotify:track:7Gsoz9wTiY4NfWJlXhAZNl,I'm With Her,Ryland (Under The Apple Tree),Folk,2017,2026-10-04
spotify:track:7ijKen7rccf56qOMGkS22e,Kate Bush,This Woman's Work - 2018 Remaster,,1988,2026-10-04
spotify:track:7MXlRIl901aXfJ2oSGn0E2,Chromatics,Into The Black,Electro,2012,2026-10-04
spotify:track:0SjnBEHZVXgCKvOrpvzL2k,Gordon Lightfoot,Sundown,Pop,1974,2026-10-04
spotify:track:1Gn26rwYspCFLGOz2ossbj,Frank Black,Headache,,1994,2026-10-04
spotify:track:1qPbGZqppFwLwcBC1JQ6Vr,Oasis,Wonderwall,Alternative,1995,2026-10-04
spotify:track:1ynmMEK1fkyiZ6Z6F3ThEt,The J. Geils Band,Centerfold,Rock,1981,2026-10-04
spotify:track:210nWjESHy5BTxFkjmCK5P,Lucinda Williams,Buttercup,Rock,2010,2026-10-04
spotify:track:2akoq472I49TzrFSJjjf47,Esthero,Superheroes,Pop,1997,2026-10-04
spotify:track:303oOLP2Jf6M4rke52qItM,Bob Seger,Shakedown,,2011,2026-10-04
spotify:track:3KZVWVH4epY2JGaqRs8bqg,Meat Puppets,Backwater,Rock,1993,2026-10-04
spotify:track:45Szkclj1lt4ubm7RFK68t,Del Shannon,Runaway,Country,1970,2026-10-04
spotify:track:4GQoGeeghOvdUD3rA1kh1V,Oasis,"Whatever (Live at Knebworth, 10 August '96)",Alternative,1993,2026-10-04
spotify:track:4KKAVfbXHsBbU6j11TJ29O,"Carly Rae Jepsen, Bleachers",Comeback,Pop,2019,2026-10-04
spotify:track:4LmzPJDil70LpiApWfOI6O,Kelis,Milkshake,Dance,2003,2026-10-04
spotify:track:4ugtTQugNpg2NrwaPSFnIs,"Jonathan Richman, The Modern Lovers",Roadrunner,,1975,2026-10-04
spotify:track:4ZHHPbLcBRje4TGGkjGNnZ,Embrace,Someday,Alternative,2004,2026-10-04
spotify:track:59xrC6NUUNt24Lft63CjiD,Big Head Todd and The Monsters,Bittersweet,Pop,1990,2026-10-04
spotify:track:5YqpHuXpFjDVZ7tY1ClFll,José González,Heartbeats,,2003,2026-10-04
spotify:track:6zWYyvxDDKTe3Ij7oJaGOM,Damien Rice,Cannonball,Rap/Hip Hop,2001,2026-10-04
spotify:track:7kZFdWoNQaX9a4w0KVGR5G,Ramones,Pinhead,Alternative,1977,2026-10-04
spotify:track:0lCgAEyTIzwbJHHPmeE7PF,Frightened Rabbit,My Backwards Walk,Rock,2007,2026-10-04
spotify:track:12eefUObewFbvXYQ3bN7E4,Belle and Sebastian,"Piazza, New York Catcher",Alternative,2003,2026-10-04
spotify:track:1CZpWzCvN6fl2WslWTyPn2,Oasis,Slide Away,Alternative,1994,2026-10-04
spotify:track:20I8RduZC2PWMWTDCZuuAN,Franz Ferdinand,Take Me Out,Pop,2003,2026-10-04
spotify:track:21REQ1bCUWphT2QK3bLWYQ,Beastie Boys,Sure Shot,Rap/Hip Hop,1994,2026-10-04
spotify:track:2adyq8PJbwe0H7f2HK8wAE,Southside Johnny And The Asbury Jukes,Got to Be a Better Way Home,Rock,1978,2026-10-04
spotify:track:2x1jP9BexWtOKudvuUHbaD,Edward Sharpe & The Magnetic Zeros,Home,Pop,2009,2026-10-04
spotify:track:35KrMfAdlfZWmoIOlwO74m,Jethro Tull,Wind-Up,Rock,1971,2026-10-04
spotify:track:4BnrGx9tWNF8aiXl1UhDBa,MF DOOM,One Beer,Rap/Hip Hop,2003,2026-10-04
spotify:track:5ElmrSoL1vXjlrF8gPfrYb,Warren Zevon,Johnny Strikes up the Band,Rock,1978,2026-10-04
spotify:track:5mc6EyF1OIEOhAkD0Gg9Lc,Nine Inch Nails,Closer,Pop,1994,2026-10-04
spotify:track:5PntSbMHC1ud6Vvl8x56qd,Beck,Loser,Alternative,1991,2026-10-04
spotify:track:5q1KjCBnLDBocPwPSEScK9,The Simpsons,Talkin' Softball,Films/Games,1999,2026-10-04
spotify:track:6kesIBNAY17BoAz28pnWMC,Snow Patrol,Run,Rock,2003,2026-10-04
spotify:track:6OKDxL7flqg9Rv7CbHaxmz,Cymande,Brothers On The Slide,,1974,2026-10-04
spotify:track:7aEtlGHoiPAfRB084NiDmx,Luke Combs,Beer Never Broke My Heart,Country,2017,2026-10-04
spotify:track:0VE4ayVlGs5DBoqOdgJ0Zv,Ritchie Valens,Donna - Single Version,Pop,1958,2026-10-04
spotify:track:10f0hrbCBiQk9STrFG3EU7,Vampire Weekend,Diane Young,Alternative,2013,2026-10-04
spotify:track:2RNd6VgxG19db0zs0M1C4Z,Jefferson Starship,Jane,Rock,1979,2026-10-04
spotify:track:2Vin9asYhJvyvBvGMAyi0f,Pete Yorn,For Nancy ('Cos It Already Is),Alternative,2000,2026-10-04
spotify:track:37AZWn0PzszDMkFjnP97Vx,Rodríguez,Jane S. Piddy,Rock,1970,2026-10-04
spotify:track:3EwTIu5qka2l5ZekB0b6QC,Wet Leg,Angelica,Alternative,2002,2026-10-04
spotify:track:3lGPy4laQ3s4lT1pRXKmFC,Stephen Sanchez,Evangeline,Singer & Songwriter,2022,2026-10-04
spotify:track:43sedlFOPrkEBwCMm1g6it,Bat For Lashes,Laura,Rock,2012,2026-10-04
spotify:track:4rgpku0L2TOYFs9KnviGFi,Jude Christodal,Madonna,Films/Games,2009,2026-10-04
spotify:track:4VbDJMkAX3dWNBdn3KH6Wx,Foster The People,Helena Beat,Alternative,2010,2026-10-04
spotify:track:51tBxI8vMc8DY99TCjGb5h,Local Natives,Ingrid (Bonus Track),Alternative,2012,2026-10-04
spotify:track:5emgLPFQWiBlFpRybWQXPm,John Hiatt,Ethylene,Rock,1995,2026-10-04
spotify:track:6g5ov3aSDUvvDkQKIcmZQI,"Wyclef Jean, Ms. Lauryn Hill, Celia Cruz, Jeni Fujita","Guantanamera (feat. Ms. Lauryn Hill, Celia Cruz & Jeni Fujita)",Rap/Hip Hop,1997,2026-10-04
spotify:track:6nLvaCZFR1wEzW3sIKpsnr,Amy Winehouse,"Valerie - Live At BBC Radio 1 Live Lounge, London / 2007",R&B,2006,2026-10-04
spotify:track:6Oqxnfz2JYAlZAESd8BpQO,The Band,Ophelia,Rock,1975,2026-10-04
spotify:track:7ErKm4yzdphhmMlr7OdhKZ,God Street Wine,Wendy,Rock,1994,2026-10-04
spotify:track:7eU0jpdauMpJq13RIC7SvP,Handsome Furs,Evangeline,Alternative,2008,2026-10-04
spotify:track:0BRETWVsgLUOyuw1GQdhiG,The Meters,Fire on the Bayou,Pop,1975,2026-10-04
spotify:track:0ntQJM78wzOLVeCUAW7Y45,Kings of Leon,Sex on Fire,Alternative,2008,2026-10-04
spotify:track:1eTaznNW4Xxtx9za2SMTXB,Doechii,DENIAL IS A RIVER,Rap/Hip Hop,2024,2026-10-04
spotify:track:1oht5GevPN9t1T3kG1m1GO,James Taylor,Fire and Rain - 2019 Remaster,Rock,1970,2026-10-04
spotify:track:1uzVvumt4H6CIxVXlkNdlz,Dave Matthews Band,Don't Drink the Water,Rock,1998,2026-10-04
spotify:track:23oxJmDc1V9uLUSmN2LIvx,Yellowcard,Ocean Avenue,Alternative,2003,2026-10-04
spotify:track:2hCxlpVUv85LI8Bq7YFzVI,Little Steven,Lyin' In A Bed Of Fire,Pop,1993,2026-10-04
spotify:track:2U8g9wVcUu9wsg6i7sFSv8,Coldplay,Every Teardrop Is a Waterfall,Rock,2011,2026-10-04
spotify:track:2zbV4xRYLuElz4PWOXI5P7,Brook Benton,Rainy Night in Georgia,Rock,1970,2026-10-04
spotify:track:4bCNuJYfnWglrBsd9s9LDE,Incubus,Oil and Water,Rock,2006,2026-10-04
spotify:track:56UnwWtjPqJA2gQthNALiR,Real Estate,Water Underground,Alternative,2023,2026-10-04
spotify:track:5DDwu8IxQk6jrRMhI1RwSS,Camp Cope,Running with the Hurricane,Alternative,2021,2026-10-04
spotify:track:5NtlEkCdxb0UceXckak2az,Birdy,Fire and Rain,Pop,2011,2026-10-04
spotify:track:6Qf1zZjxwffiwXBLSox8t1,"Jordan Davis, Luke Bryan",Buy Dirt,Country,2021,2026-10-04
spotify:track:6uWstgXnQXfnAtcowLb9mf,Gus Dapperton,I'm On Fire,,2020,2026-10-04
spotify:track:74UZSX03wVCDrZoQQ0d2ZV,Helen Reddy,"Candle On the Water - From ""Pete's Dragon"" / Soundtrack Version",Films/Games,1988,2026-10-04
spotify:track:79qxwHypONUt3AFq0WPpT9,Kacey Musgraves,Rainbow,Country,2018,2026-10-04
spotify:track:0DsHRlxJAtkjiSdk0bLohN,Owl John,"Los Angeles, Be Kind",Alternative,2014,2026-10-04
spotify:track:0hltBiPrw06vWjtadBn6oe,David Gray,Babylon,Rock,1998,2026-10-04
spotify:track:1yupbrI7ROhigIHpQBevPh,Sufjan Stevens,Chicago,Alternative,2005,2026-10-04
spotify:track:20y9zkpTFRmCws5tGWFkCM,Chris Rea,Texas - 2019 Remaster,Pop,1983,2026-10-04
spotify:track:221bl0jrSfJ1LMgUw36zRJ,The Decemberists,O Valencia!,Rock,2006,2026-10-04
spotify:track:24ntSW3QVJzR79lHAAOTaY,"Khruangbin, Leon Bridges",Texas Sun,Alternative,2019,2026-10-04
spotify:track:2bxQP85JNU11CQV4KXCnau,Beirut,Santa Fe,Alternative,2011,2026-10-04
spotify:track:2WZyfujzMweFLnozyUJBkW,Augustana,Boston,Pop,2003,2026-10-04
spotify:track:3lnF83kG6ePhTSWRoW62dO,The National,Bloodbuzz Ohio,Alternative,2010,2026-10-04
spotify:track:45nokLJzIFoDobAitHv4v3,Cory Wong,Brooklyn Bop,Pop,2023,2026-10-04
spotify:track:4gZTprWXRb1DWovSKu8uCw,"Al Stewart, Laurence Juber",Night Train to Munich (with Laurence Juber),,1995,2026-10-04
spotify:track:4oiTnmTrJNDAsOPgEONYpA,Bruce Springsteen,Youngstown,Pop,1995,2026-10-04
spotify:track:4sNG6zQBmtq7M8aeeKJRMQ,Declan McKenna,Brazil,,2015,2026-10-04
spotify:track:4v1CvZazmdpxQLEt3sCeKH,The Chainsmokers,New York City,Dance,2015,2026-10-04
spotify:track:5B2mJIk8yso3ugyvfHR62A,"Billy Bragg, Wilco",California Stars,Folk,1998,2026-10-04
spotify:track:5fgkjhICZnqFctrV0AyuQD,Marc Cohn,Walking in Memphis,Country,1991,2026-10-04
spotify:track:5lP2EYWk8LFUkM0grPWUFT,Mott The Hoople,All the Way from Memphis,Rock,1973,2026-10-04
spotify:track:5MCM2YPIxYTt82Ub6j4HBZ,Sierra Ferrell,American Dreaming,Singer & Songwriter,2023,2026-10-04
spotify:track:6xsIZGWud4OdojtNN63z3Y,DMA'S,Olympia,Alternative,2022,2026-10-04
spotify:track:7BuzJmV2h6eBbSDdRaDY7C,Arctic Monkeys,Fake Tales Of San Francisco,Alternative,2004,2026-10-04
spotify:track:0BhbbbNTK2W7voVHSbR1In,The Bobby Fuller Four,Love's Made a Fool of You,Rock,1966,2026-10-04
spotify:track:0fIffclhgJC5h8AdMMVvkp,Pop Smoke,Welcome To The Party,Rap/Hip Hop,2019,2026-10-04
spotify:track:0nrRP2bk19rLc0orkWPQk2,Avicii,Wake Me Up,Dance,2013,2026-10-04
spotify:track:13Oi7vfd9mrujcEmGAYAPe,Hank Williams,Your Cheatin' Heart,,1953,2026-10-04
spotify:track:1vVsBCkVMYdLhgiC4F54G4,"Neil Young, Crazy Horse",Everybody Knows This Is Nowhere - 2009 Remaster,Rock,1969,2026-10-04
spotify:track:2hnMS47jN0etwvFPzYk11f,Sublime,Santeria,Rock,1996,2026-10-04
spotify:track:2wPHe2ecCdkT0ly0km12g4,Robert Johnson,Sweet Home Chicago,Rock,1936,2026-10-04
spotify:track:3FAclTFfvUuQYnEsptbK8w,Amy Winehouse,Back To Black,R&B,2006,2026-10-04
spotify:track:4voEoczU7Ijborps9XF1n3,"2Pac, Digital Underground",I Get Around,Rap/Hip Hop,1992,2026-10-04
spotify:track:4xyWJM4kscTROV2RESdwpd,Metallica,Orion (Remastered),Rock,1986,2026-10-04
spotify:track:5ckwOX7SVzt9OISbGkD299,Tim Buckley,Song to the Siren - Take 7,Rock,1970,2026-10-04
spotify:track:5EclH1u6hKzOV3m1I3LAc3,Joy Division,Transmission - 2010 Remaster,Alternative,1979,2026-10-04
spotify:track:6Aa7aDayiQHnUw1dUvdneZ,Mac Miller,Donald Trump,Rap/Hip Hop,2011,2026-10-04
spotify:track:6Cm8wxR9jWcVaPm3pQTZH5,Viola Beach,Swings And Waterslides,Alternative,2015,2026-10-04
spotify:track:6Jv7kjGkhY2fT4yuBF3aTz,Jeff Buckley,"Lover, You Should've Come Over",Rock,1994,2026-10-04
spotify:track:6txWz9UapYHVxEd7dDIHXT,Blind Melon,No Rain,Rock,1992,2026-10-04
spotify:track:6Um3XCAxl9YfFmAnGl93xc,The Bobby Fuller Four,I Fought the Law - Single Version,Pop,1965,2026-10-04
spotify:track:7aEjUdVMgHPQQdIIcaWnyt,"The Notorious B.I.G., Bone Thugs-N-Harmony, Twista",Spit Your Game (feat. Twista & Bone Thugs-n-Harmony) - 2005 Remaster,Rap/Hip Hop,2005,2026-10-04
spotify:track:7BcOUi4FQ3wBLmNTW0yfCR,"Mac Miller, Empire Of The Sun",The Spins,Rap/Hip Hop,2010,2026-10-04
spotify:track:7Hr1Ignop7cymbE3FbOtXa,Avenged Sevenfold,So Far Away,Rock,2010,2026-10-04
spotify:track:7I6Ugwp4twHiMh7U7Ie0q1,Manic Street Preachers,Motorcycle Emptiness,Pop,1992,2026-10-04
spotify:track:7iggXRD8XULv2nw4NjkIjZ,Blind Melon,"Galaxie / Hello, Goodbye",,,2026-10-04
spotify:track:0djZ2ndRfAL69WYNra5jRC,Simon & Garfunkel,April Come She Will,Pop,1965,2026-10-04
spotify:track:0HLIhUYvZdxemJ5vHJsSBy,The Who,Tommy Can You Hear Me?,Rock,1969,2026-10-04
spotify:track:0mrokguOVHjLs1lLTzG9ZM,The Pipettes,Why Did You Stay?,Pop,2006,2026-10-04
spotify:track:21Qsj3cMVCx2xF2EVVNbEu,The White Stripes,Fell In Love With a Girl,Alternative,2001,2026-10-04
spotify:track:2gNfxysfBRfl9Lvi9T3v6R,Tame Impala,Disciples,Alternative,2015,2026-10-04
spotify:track:2vX1nuisRSz56d0lMX3Bfw,They Might Be Giants,Vestibule,,2007,2026-10-04
spotify:track:2xFq7wVYKmTHFUySyfv789,David Bowie,Breaking Glass - 2017 Remaster,Pop,1977,2026-10-04
spotify:track:2yokr94GFx1ixezo2QHhhO,Orgone,Prism Break,Soul & Funk,2007,2026-10-04
spotify:track:3KRdLDjxlAY7ku93tOG0b1,Lucy Dacus,Kissing Lessons,Alternative,2021,2026-10-04
spotify:track:4fPjI40ElIwJQ4DJJxSCOe,PinkPantheress,Attracted to You,Pop,2021,2026-10-04
spotify:track:4qdfxgILhSXilOL5zh6q2x,Richard Cheese,Shake Ya Ass,Jazz,2002,2026-10-04
spotify:track:56YzpDU2z20vOMRjRHtGBd,The Mothers Of Invention,What's The Ugliest Part Of Your Body?,Rock,1968,2026-10-04
spotify:track:5R2DZitRTDYtrkCoJiddct,"Maurice Williams, Zodiacs",Stay,Films/Games,1960,2026-10-04
spotify:track:5uusrkeD1zo0ypPw0nnwlU,The La's,Feelin',Pop,1990,2026-10-04
spotify:track:6BrMEbPSSj55nQhkgf6DnE,The Smiths,"Please, Please, Please, Let Me Get What I Want - 2011 Remaster",,1984,2026-10-04
spotify:track:6Jub05dvpbF4Im83NqMCUg,Liam Lynch,United States Of Whatever,Rock,2000,2026-10-04
spotify:track:6nfLKum9Lr2AuLkeDMoJ8e,Weezer,You Gave Your Love To Me Softly,Rock,1995,2026-10-04
spotify:track:6RJK553YhstRzyKA4mug09,The Box Tops,The Letter,Pop,1967,2026-10-04
spotify:track:73RUE9wuQ5fg4K6ibdhnSH,Mayer Hawthorne,The News,R&B,2011,2026-10-04
spotify:track:78eV2EXN0OKtrUYpZkMAgo,Neko Case,"The Next Time You Say ""Forever""",Alternative,2008,2026-10-04
spotify:track:7uvmVIVSoFXfxbc3nUYnvC,The Magnetic Fields,The Day the Politicians Died,Alternative,2019,2026-10-04
spotify:track:0D0NwBMfJPoh1sZ61p5Fot,Sam Cooke,A Change Is Gonna Come,R&B,1964,2026-10-04
spotify:track:0VQ0n5gMgJLNixG8BfWBT5,Journey,"Lovin', Touchin', Squeezin'",Pop,1979,2026-10-04
spotify:track:0xAhbD6lCf5re1RXl5yiTm,Electric Light Orchestra,Sweet Talkin' Woman,Rock,1972,2026-10-04
spotify:track:13Mzsb8VzRSZ5w3pM48cn6,The Spinners,The Rubberband Man,R&B,1976,2026-10-04
spotify:track:1BrbXIJ7b161oQ0PfC0K32,John Lennon,Woman - Remastered 2010,Rock,1980,2026-10-04
spotify:track:1GEOSS415bZVHNuXWlCT6b,Pink Floyd,Mother,Rock,1979,2026-10-04
spotify:track:2NDMLabAjx4oL7ezx2PNxS,Jo Stafford,You Belong To Me,,1952,2026-10-04
spotify:track:2qaGMK8nz9N3jTKT0vVIbB,"Thurston Harris, The Sharps",Little Bitty Pretty One,Rock,1957,2026-10-04
spotify:track:35ljOibZSLEjOEPGrbaJsH,Talking Heads,The Great Curve - 2005 Remaster,Rock,1980,2026-10-04
spotify:track:3ia3dJETSOllPsv3LJkE35,"2Pac, Roger, Dr. Dre",California Love - Original Version,Rap/Hip Hop,1995,2026-10-04
spotify:track:3XIEWK1V9n25PS9Vb6axj5,Patrick Hernandez,Born to Be Alive - The Original,Dance,1978,2026-10-04
spotify:track:46eu3SBuFCXWsPT39Yg3tJ,Michael Jackson,Don't Stop 'Til You Get Enough,Pop,1979,2026-10-04
spotify:track:4p1PizAGdglm2sVvPuFPWs,Pat Benatar,Love Is A Battlefield,Rock,1983,2026-10-04
spotify:track:5Fe75PqSHn0Qb4D0uxNomb,"Ella Fitzgerald, The Ink Spots",Cow Cow Boogie,Jazz,1944,2026-10-04
spotify:track:5gOd6zDC8vhlYjqbQdJVWP,Gerry Rafferty,Baker Street,Rock,1978,2026-10-04
spotify:track:5pMmWfuL0FTGshYt7HVJ8P,ABBA,SOS,Pop,1975,2026-10-04
spotify:track:5qgBvugGSAnKWCpWAiwusi,The Cure,Lullaby,Rock,1989,2026-10-04
spotify:track:6ALPLbDJ9eWVij9ep3Cgf4,The Jam,Going Underground,Alternative,1980,2026-10-04
spotify:track:6GPqseqsecnlZrEVK6Ii8g,Van Morrison,"Inarticulate Speech of the Heart, No. 2",Rock,1983,2026-10-04
spotify:track:77oU2rjC5XbjQfNe3bD6so,The Rolling Stones,Beast Of Burden - Remastered 1994,Rock,1978,2026-10-04
spotify:track:7BJIcG07Gjyca9skBOO6CE,DEVO,Snowball,Alternative,1980,2026-10-04
spotify:track:010ALbbh5KlQ4fKWgSdhRd,Mazzy Star,Look On Down From The Bridge,Rock,1996,2026-10-04
spotify:track:06K3wgENsbpUqaWhySs9uz,Oasis,Cloudburst,Alternative,1993,2026-10-04
spotify:track:0MqCZXWToZuGbnHGJREXqb,The Jayhawks,Save It For A Rainy Day,Rock,2002,2026-10-04
spotify:track:1Se2JDfjRtI99zhpJRBPlF,"Natalie Bergman, Beck",Paint the Rain (Beck Remix),Folk,2021,2026-10-04
spotify:track:2tznHmp70DxMyr2XhWLOW0,Cage The Elephant,Cigarette Daydreams,Alternative,2013,2026-10-04
spotify:track:3i25w2HOWoafnTIiWJCL71,Led Zeppelin,Fool in the Rain - Remaster,Rock,1979,2026-10-04
spotify:track:3iXaV9yTFnAnZAoVbY8AuT,Amanda Marshall,Let It Rain,Pop,1995,2026-10-04
spotify:track:3qp0q5gUblhkCjtD6fZfFE,Dragon,Rain,Rock,1983,2026-10-04
spotify:track:3soLwFvqNYT90pZHSZhmK2,The Beta Band,Dry The Rain (Remaster),Alternative,1997,2026-10-04
spotify:track:3XVLfJbADi7F1p5Rh1UTGw,Ryan Adams,Dirty Rain,Rock,2011,2026-10-04
spotify:track:3ZZ7z7hgG9PHaCW4CYyZiI,The Beatles,Rain - 2022 Stereo Mix,Rock,1966,2026-10-04
spotify:track:4H5svmDLxyewNfImW5CJfF,Minnie Riperton,Rainy Day In Centerville,R&B,1971,2026-10-04
spotify:track:4SnfSdLHT7dJqiw2Q5cfnK,Jason Mraz,A Hard Rain's A Gonna Fall,Alternative,2005,2026-10-04
spotify:track:56AEFb7aftO5flhdy5YsIQ,Dave Matthews Band,"JTR - Live at Meadows Music Theatre, Hartford, CT 08.27.00",Rock,2001,2026-10-04
spotify:track:5IfBLN9VPPJOwcKmAZhdXe,Oasis,Live Forever,Alternative,1994,2026-10-04
spotify:track:5MmWgG5KgiqSxkOZdVXRQA,Travis,Why Does It Always Rain On Me?,Alternative,1999,2026-10-04
spotify:track:6a9SPVrXyrlVh5Fh08f8Bz,Alice In Chains,Rain When I Die (2022 Remaster),Rock,1992,2026-10-04
spotify:track:6LgJvl0Xdtc73RJ1mmpotq,Radiohead,Paranoid Android,Alternative,1997,2026-10-04
spotify:track:7DiaNCPgH5dJ1cJ925jTAA,Eric Clapton,Let It Rain,Rock,1970,2026-10-04
spotify:track:7y8jYF543VzAA7WEwnP60w,Stars,Your Ex-Lover Is Dead - 2024 Remastered,Alternative,2004,2026-10-04
spotify:track:0fsz7tJ7UKXT9hliLfO7aE,CAKE,The Distance,Pop,1996,2026-10-04
spotify:track:0uJyE3M3ecGZgzltsQKs3a,Manic Street Preachers,A Design for Life - Remastered,Alternative,1996,2026-10-04
spotify:track:0XMzFZgFvEqH2nEa3iwNUD,Fiona Apple,Shadowboxer,Alternative,1996,2026-10-04
spotify:track:0YHhpW8PnU0WNuAKAVuM70,Ween,Piss up a Rope,Pop,1995,2026-10-04
spotify:track:3EXrtClWmgsM7dw75Mw2M1,The Cranberries,When You're Gone,Rock,1996,2026-10-04
spotify:track:43q03jnSp9hGjbdlVKoVCk,Beth Orton,Someone's Daughter,Alternative,1996,2026-10-04
spotify:track:48sJGpBLqQTs0sZ2ImHJof,Nada Surf,Popular,Pop,1996,2026-10-04
spotify:track:4eHWgathEi3nUnZhEG4XV6,Tom Petty and the Heartbreakers,Walls (No. 3),Pop,1996,2026-10-04
spotify:track:4H1ttBCmT7cqvGJLqfHbED,Soul Coughing,Super Bon Bon,Pop,1994,2026-10-04
spotify:track:4NyKEVldCvokxpmeFBNNXI,Hooverphonic,2 Wicky,Pop,1997,2026-10-04
spotify:track:5dZ4wJvPJbbuLge49vjTG1,Belle and Sebastian,The State I Am In,Alternative,1996,2026-10-04
spotify:track:5ep2VCpQr7OQIYDbSEP6lz,Shed Seven,On Standby,Alternative,1996,2026-10-04
spotify:track:6Ag4SYLUGFdnJrCwUIb4mT,"Foxy Brown, JAŸ-Z",I'll Be,Rap/Hip Hop,1996,2026-10-04
spotify:track:6cAP4aefOH4dYOpdrldV2f,Phish,Free,Alternative,1996,2026-10-04
spotify:track:6ZaiqbV2GfUtrUlhsu58fN,The Cardigans,Step On Me,Pop,1996,2026-10-04
spotify:track:7aQjPecQdIuNd1sz3KCDhD,The Cardigans,Lovefool,Pop,1996,2026-10-04
spotify:track:7aYzsNdBnwgHtB5QftgYRW,R.E.M.,Bittersweet Me,Alternative,1995,2026-10-04
spotify:track:7lYkggWrQNo4tsGpY4yOOG,The London Suede,Beautiful Ones,Alternative,2010,2026-10-04
spotify:track:7mPbZT5RjJadYD2TtlGsSy,Gin Blossoms,Competition Smile,Rock,1996,2026-10-04
spotify:track:09DgpWWCQjDziUcPj3bo5T,Cassandra House,"Danger,Danger",,,2026-10-04
spotify:track:1VFgPk4MBhyyNQsxgvvAgR,Lola Young,Messy - Acoustic,Pop,2024,2026-10-04
spotify:track:1zBnlMXqyokQrN0yGIwDSf,Vicki Genfan,Atomic Reshuffle,Alternative,2006,2026-10-04
spotify:track:23itJEBZlued974YuPPLlq,Ariana Grande,we can't be friends (wait for your love) - acoustic (live from jungle city studios),Pop,2023,2026-10-04
spotify:track:24NbwTMfsr94HSKyMMd8LB,Aimee Mann,Goose Snow Cone,Alternative,2016,2026-10-04
spotify:track:2gs8HVC6KXOQe76XggzZH5,Tracy Chapman,Stand by Me - Live at the Late Show with David Letterman,Folk,2005,2026-10-04
spotify:track:33vv4BDWOMirq4kTillIuC,Beth Orton,Feel to Believe,Alternative,1998,2026-10-04
spotify:track:3ag4ODA4AwOhHG5pGcX0Lk,HAIM,Hallelujah - Bonus Track,,2019,2026-10-04
spotify:track:3NW1YMA8kfNVTzGJCGBS8m,Joni Mitchell,Both Sides Now,Pop,1968,2026-10-04
spotify:track:4bW1aidYiqN0xXxwaXnHKc,The Corrs,Radio - MTV Unplugged Version; Edit,Pop,1999,2026-10-04
spotify:track:4MGexoZc12lqE0hYkq9YYx,Taylor Swift,august - the long pond studio sessions,Alternative,2020,2026-10-04
spotify:track:4sUoWHVnJl8z3t4zdqf6xB,Nelly Furtado,I'm Like A Bird,Pop,2000,2026-10-04
spotify:track:4whVgFhGiD8ef6gd1zMoCd,The Naked And Famous,A Still Heart,Alternative,2017,2026-10-04
spotify:track:4zQSz74DWD9iThkQSWYA5P,Aimee Mann,Patient Zero,Alternative,2016,2026-10-04
spotify:track:5VzvK7YiwWbRePA2JOzhYq,"10,000 Maniacs",Because the Night - Live Unplugged,Pop,1993,2026-10-04
spotify:track:60gs0cMpDerQrMDmGOj8LX,Samara Joy,Stardust,Jazz,2021,2026-10-04
spotify:track:6bRoZ83M0veJzvznHg1ERf,Liz Phair,Why Can't I? - Live @ Yahoo! Music,Rock,2003,2026-10-04
spotify:track:76LNO1CbrEpwXM27FBwgtJ,Jessica Pratt,Better Hate,,2024,2026-10-04
spotify:track:78TTtXnFQPzwqlbtbwqN0y,"Rihanna, Kanye West, Paul McCartney",FourFiveSeconds,Pop,2013,2026-10-04
spotify:track:006yvCdaWUS79qp2Ip3Hdl,Chase,Get It On,Pop,1971,2026-10-04
spotify:track:0MHXrqn909p0LRTPsNsGEi,Curtis Mayfield,Move on Up - Single Edit,R&B,1970,2026-10-04
spotify:track:0OAnoLrIVxpdne3mkVLrwr,Louis Armstrong,We Have All The Time In The World - Remastered 2003,Films/Games,1985,2026-10-04
spotify:track:0ObrXLrfrqJUNc8RfmIBHP,The Beach Boys,God Only Knows,Pop,1968,2026-10-04
spotify:track:0Sox7tv3MK5h6AkFLUPHtY,Lake Street Dive,Mistakes,Alternative,2015,2026-10-04
spotify:track:1Cx2fyD96YXugpNgdiGehe,Lambchop,Your Fucking Sunny Day,Alternative,1997,2026-10-04
spotify:track:2Mh3mh3aKeAgLKaUyDQZbv,"Deltron 3030, Del The Funky Homosapien, Dan The Automator, Kid Koala",Madness,Electro,2000,2026-10-04
spotify:track:303xrh2oI7BYQzwP8gqerO,Fat Freddy's Drop,Hope (Radio Edit),Electro,1998,2026-10-04
spotify:track:4fEI3xm1OdChlBYtwhkD4F,"Southside Johnny And The Asbury Jukes, Ronnie Spector","Say Goodbye to Hollywood (feat. Ronnie Spector) - Live at the Agora Theater, Cleveland, OH - 1977",Rock,2022,2026-10-04
spotify:track:4pNiE4LCVV74vfIBaUHm1b,Stevie Wonder,Sir Duke,Pop,1976,2026-10-04
spotify:track:4vJRdgiKKzF36ZqUH0ha6A,The Dandy Warhols,Godless,Rock,2000,2026-10-04
spotify:track:4Wgj6jzoI2gYlumXdYAB8U,Radiohead,The National Anthem,Alternative,2000,2026-10-04
spotify:track:5HdZE8e4PPwEvDZuhJlfFg,JAŸ-Z,The Ruler's Back,Rap/Hip Hop,2001,2026-10-04
spotify:track:6AKSrodq9kU9hmTLEeWFFr,Dave Matthews Band,Crush,Rock,1998,2026-10-04
spotify:track:6oemIu0ipIESACc8PuwY3V,Flying Machine,Smile a Little Smile for Me,Rock,1969,2026-10-04
spotify:track:6q8nlNnBLSAn5tU6tH9Zlz,Sir Woman,Highroad,Blues,2019,2026-10-04
spotify:track:6sVqehqlRry0goIDS0D0IZ,George Harrison,Run of the Mill - 2014 Remaster,Rock,1970,2026-10-04
spotify:track:6tjngDwQFnGEefm88oRxu1,Spoon,The Underdog,Alternative,2007,2026-10-04
spotify:track:6YfEvtwpQwGAWZBWzNmoIw,Nathaniel Rateliff & The Night Sweats,I Need Never Get Old,Rock,2015,2026-10-04
spotify:track:7iBav4v8maicL8cWKGxFhQ,U2,Angel Of Harlem,Rock,1988,2026-10-04
spotify:track:08aaQA6A7UHvbPGsfPrAFe,Panda Bear,Praise,Alternative,2024,2026-10-04
spotify:track:0d28khcov6AiegSCpG5TuT,"Gorillaz, De La Soul",Feel Good Inc.,Rap/Hip Hop,2004,2026-10-04
spotify:track:0tkBOcK7oRVXQJY97zzSvr,Cage The Elephant,Telescope,Alternative,2013,2026-10-04
spotify:track:1Wi1XpdZzGVIdRTzlTrIEF,Remi Wolf,Soup,Pop,2024,2026-10-04
spotify:track:22afijCZOzgfrEJdjZHf15,The Mountain Goats,Clean Slate,Alternative,2023,2026-10-04
spotify:track:2PL9IBLQvJjE7hqCQyJl2g,The Wombats,Turn,Alternative,2017,2026-10-04
spotify:track:2RK8K8hNdmg6j33WhmHe8m,Queen,Delilah - Remastered 2011,Rock,1991,2026-10-04
spotify:track:2TMFfp5BVqpzf8eC8sG1io,Bruce Cockburn,Wondering Where The Lions Are,Folk,1979,2026-10-04
spotify:track:2YIOkqKgg3jZEFoL5qcEPT,The Walkmen,The Rat,,2003,2026-10-04
spotify:track:4aX4dqpYXTxRMTcjekxPyp,Amythyst Kiah,Wild Turkey,Alternative,2021,2026-10-04
spotify:track:4DDGJtDf0sY7qtSUzrFKKW,Prince,Starfish And Coffee - 2020 Remaster,R&B,1987,2026-10-04
spotify:track:4j5OzZtxTe8Amo5MxRfk5j,King Gizzard & The Lizard Wizard,Sad Pilot,Rock,2024,2026-10-04
spotify:track:5HF5PRNJ8KGtbzNPPc93tG,Of Monsters and Men,King And Lionheart,Alternative,2011,2026-10-04
spotify:track:5uh98HlgvoJd2zRWAduj2Y,Echo & the Bunnymen,Bring on the Dancing Horses,Alternative,1985,2026-10-04
spotify:track:5uUVIk6cfBySguzFJVav95,Stephen Malkmus,Jenny & The Ess-Dog,,2001,2026-10-04
spotify:track:799azdZNV34Z1w8CQ1z9ds,Beck,Paper Tiger,Alternative,2002,2026-10-04
spotify:track:7JcHGQqh7u1VyZsZbilkRM,Andrew Bird,Desperation Breeds …,Alternative,2012,2026-10-04
spotify:track:7Lk0PQDl3jtOr0UoZmQPhs,David Bowie,Diamond Dogs - 2016 Remaster,Pop,1974,2026-10-04
spotify:track:7uJqcrNhQ4hnJ2BoUNwuNg,AURORA,Running with the Wolves,,2015,2026-10-04
spotify:track:0uVKVK06Eg7e74H36PbSZm,Samia,Big Wheel,Alternative,2019,2026-10-04
spotify:track:1PVoCVLV1aLoqXpMNBSYYS,The Shins,Kissing the Lipless - 2023 Remaster,Alternative,2003,2026-10-04
spotify:track:1XuccRABkfUVB4FjSVhjL1,Love,Alone Again Or - 2015 Remaster,Rock,1967,2026-10-04
spotify:track:23DKn3AP0fpx1aAYth2Pax,Tears For Fears,The Working Hour,Rock,1985,2026-10-04
spotify:track:23SlyxzUtQtExgEButcOtR,Shinedown,Save Me,Rock,2005,2026-10-04
spotify:track:2lTm559tuIvatlT1u0JYG2,Bad Bunny,BAILE INoLVIDABLE,Latin Music,2024,2026-10-04
spotify:track:3skn2lauGk7Dx6bVIt5DVj,Muse,Starlight,Alternative,2005,2026-10-04
spotify:track:3WEVq34ials857CTwalzrY,Puscifer,No Angel,Alternative,2024,2026-10-04
spotify:track:44GeTdr7MktZDqNUkLaj5h,Future Islands,A Dream of You and Me,Alternative,2013,2026-10-04
spotify:track:4BxAxKoIu0XYFvu025DxCN,Mike Peters,Breathe,Rock,1994,2026-10-04
spotify:track:4yWl0tnEanf3zmZzl9kbQn,Bob Dylan,Forever Young - Slow Version,Rock,1974,2026-10-04
spotify:track:5MbgPUiDXvOZE5ZD8OCKXF,Common Saints,Idol Eyes,Blues,2015,2026-10-04
spotify:track:5qaRaOepyRo8PYVwMFH5yT,Grandaddy,A.M. 180,,1997,2026-10-04
spotify:track:6FOXx4lMdOhX6CzibTNsXs,Sunday (1994),Devotion,Alternative,2025,2026-10-04
spotify:track:6m8FEpCFkSrzhH1W3R2yKU,Whitesnake,Here I Go Again - Radio Mix,Rock,1982,2026-10-04
spotify:track:6pVTFOItC56aBNhMVjoGje,The Go! Team,Ladyflash,Alternative,2003,2026-10-04
spotify:track:6zO0e11RCBnh1w8kjPZpIh,Phantogram,Mouthful of Diamonds,Alternative,2008,2026-10-04
spotify:track:7dyfRQLlTt5YoiY2c0YDY1,The Temper Trap,Fader,Alternative,2009,2026-10-04
spotify:track:7H0ya83CMmgFcOhw0UB6ow,Beach House,Space Song,,2015,2026-10-04
spotify:track:07op2dODAh1qOJz6cyyxgV,Oysterhead,Oz Is Everfloating,Pop,2001,2026-10-04
spotify:track:0ToHhkK4qtwEyKOxhQpMbJ,"Crosby, Stills, Nash & Young",Ohio,Rock,1970,2026-10-04
spotify:track:16ZatpXeth34Nygl9wzNKc,Transplants,Tall Cans In The Air,Rock,2002,2026-10-04
spotify:track:19iqWNzp5LwEdvntpEK8MP,The Raconteurs,"Steady, As She Goes",Alternative,2006,2026-10-04
spotify:track:1c2XhkS6hX6cGPcxfFHK35,"Run The Jewels, El-P, Killer Mike, Zack De La Rocha, Pharrell Williams",JU$T (feat. Pharrell Williams & Zack de la Rocha),Rap/Hip Hop,2020,2026-10-04
spotify:track:1kLfG3KS10Dz5x6ZPyTaRb,Nada Surf,Blizzard of ' 77,Alternative,2002,2026-10-04
spotify:track:1m5N9YCZL4BXuSXdYmhRaj,"Robert Plant, Alison Krauss",Please Read The Letter,,2009,2026-10-04
spotify:track:1tMJ9MXPbSWbQSyIPxtWII,The New Pornographers,The Bleeding Heart Show,Alternative,2005,2026-10-04
spotify:track:2MgfxFG6RBfW4ivhwFtYoi,I'm With Her,Call My Name,Folk,2018,2026-10-04
spotify:track:2rm4CNyzlEGs3PcK91wzGe,Traveling Wilburys,Tweeter And The Monkey Man,Rock,1988,2026-10-04
spotify:track:2TZ0bxLxshJ5ZEx2vUIpQ6,Broken Social Scene,Stay Happy,Rock,2017,2026-10-04
spotify:track:3VyJGPYr2DF9gdBNosSao4,Blind Faith,Can't Find My Way Home,,1969,2026-10-04
spotify:track:3zow5ZZKVd97AcTSNERgrz,The New Basement Tapes,Down On The Bottom,Alternative,2014,2026-10-04
spotify:track:56DJzEuZugYdTYxi6VAdVh,Golden Smog,Pecan Pie,Rock,1995,2026-10-04
spotify:track:5cwN1htZyoWqZCc33f3RfE,"Broken Bells, Danger Mouse, James Mercer",The High Road,,2009,2026-10-04
spotify:track:5F6zKgM540OU8shmDuCQ1n,The Tears,Lovers,Rock,2005,2026-10-04
spotify:track:5PJH1U5Iie893v48Fl9yaC,"boygenius, Julien Baker, Phoebe Bridgers, Lucy Dacus",Cool About It,Alternative,2023,2026-10-04
spotify:track:6jHkDIkFnmZj3gihw8XG4X,"Atoms For Peace, Thom Yorke",Before Your Very Eyes...,Electro,2012,2026-10-04
spotify:track:7AE0NKbt0BemBF8wuC2uCG,"DANGERDOOM, MF DOOM, Danger Mouse",Vats of Urine,Rap/Hip Hop,2005,2026-10-04
spotify:track:01lJX4UQJwul08ZO4bYhgF,Child Of The Parish,Relic Of The Past,,2020,2026-10-04
spotify:track:07PNu3hSiBORTLDc05eZSY,Ozomatli,Saturday Night,Jazz,2004,2026-10-04
spotify:track:0UV5zxRMz6AO4ZwUOZNIKI,Dr. Dog,Where'd All the Time Go?,Alternative,2009,2026-10-04
spotify:track:1a9maLxqpx3cxjY1lTj62B,DJ Shadow,Midnight In A Perfect World,Rap/Hip Hop,1995,2026-10-04
spotify:track:1bvERTuePaoVjQ3NpJq9aH,The Decemberists,June Hymn,Alternative,2010,2026-10-04
spotify:track:1cip9sLyXtKxDoUonU3uAP,Chuck Prophet,Summertime Thing,Rock,2002,2026-10-04
spotify:track:1gqk2dawfdLdn4XamF27cx,Bonnie Raitt,Nick Of Time,Rock,1989,2026-10-04
spotify:track:1MHmXIdft756fcAD2jRTwo,Linda Ronstadt,Long Long Time - Remastered,Pop,1970,2026-10-04
spotify:track:27IC0WeecD8eJhhiMMtQOB,Ben Harper And The Innocent Criminals,Needed You Tonight,,2007,2026-10-04
spotify:track:3jY3ocFiQiWRmRUrpGsqF0,Real Estate,Wonder Years,Alternative,2011,2026-10-04
spotify:track:3RPerpXuNznZbCuWYEBz5i,Alexi Murdoch,All My Days,,2006,2026-10-04
spotify:track:3uYcoC2DgOei4CbwXSsEN1,The Kinks,Days,Rock,1968,2026-10-04
spotify:track:4aSd0vbnxF53nvAdzpLYXQ,Oasis,I'm Outta Time,Alternative,2008,2026-10-04
spotify:track:4OHvnUApEAovggMzoegwIf,Indigo De Souza,Wasting Your Time,Alternative,2022,2026-10-04
spotify:track:68hYdj3GepWm2R202KhJT7,Phoenix,1901,Alternative,2009,2026-10-04
spotify:track:6FTs6cAI5O4V9VbiUAXYOU,Turin Brakes,Pain Killer (Summer Rain),Pop,2002,2026-10-04
spotify:track:6IozOTyyzMaAmUZE2MLEPq,Jack Peñate,"Second, Minute or Hour",Alternative,2006,2026-10-04
spotify:track:6Yu1OL8I0D4vjOzYdsXYGK,The Strokes,12:51,Pop,2003,2026-10-04
spotify:track:74njazGdnO2igjEkb0mGiy,Big Star,September Gurls,Rock,1974,2026-10-04
spotify:track:02Ygu8lo3qSknRpcBnspso,Virginia To Vegas,Just Friends,Pop,2019,2026-10-04
spotify:track:04alWIvvAMTs91LC5R5h8L,HAIM,Down to be wrong,,2025,2026-10-04
spotify:track:0B6Xcr7eu0nsGOiXuLI5NH,Sloan,Money City Maniacs,Alternative,1998,2026-10-04
spotify:track:0GONea6G2XdnHWjNZd6zt3,Bryan Adams,Summer Of '69,Pop,1984,2026-10-04
spotify:track:0nHU0E1betoeYGxM4mvo8s,The Stills,Still in Love Song,Rock,2003,2026-10-04
spotify:track:0qmhTHMVxnXRmT5N92wTD9,"Alex Warren, Jelly Roll",Bloodline,Pop,2025,2026-10-04
spotify:track:0rPHsDRiWwPfR6HG7JLj1K,Mumford & Sons,Rushmere,,2025,2026-10-04
spotify:track:0VjIjW4GlUZAMYd2vXMi3b,The Weeknd,Blinding Lights,R&B,2019,2026-10-04
spotify:track:14CsqOaDkOkrZ49UJLtuOJ,Leonard Cohen,"So Long, Marianne",Pop,1967,2026-10-04
spotify:track:17XgxMFNzBYv38TEJRC18D,Sum 41,The Hell Song,Alternative,2002,2026-10-04
spotify:track:1DO4aHyMKVW66VWnA4pNeV,Sharon Van Etten,Afterlife,Alternative,2024,2026-10-04
spotify:track:1e8AaJtHZ7fm1sGSp9906X,The Dears,I Know What You're Thinking And It's Awful,Alternative,2019,2026-10-04
spotify:track:1hoeP1oPYlhcv6iRCtB7pT,Lorde,Man Of The Year,Pop,2025,2026-10-04
spotify:track:1SynfAGFXyona2NrHcdzDD,Paul Weller,Pinball,Alternative,2025,2026-10-04
spotify:track:27Xxf6AtaSpXE47Xzvua9r,"Julien Baker, TORRES",Sugar in the Tank,Alternative,2024,2026-10-04
spotify:track:2lOTK5uAzQ4OmRPXo2oAFX,Men I Trust,Heavenly Flow,Folk,2025,2026-10-04
spotify:track:2m3SuMEdjlOWVN05steEXf,Fontaines D.C.,It's Amazing To Be Young,Alternative,2024,2026-10-04
spotify:track:2OMjHcniFxzijWX7EaBrXE,Sleep Token,Emergence,Alternative,2025,2026-10-04
spotify:track:2oPzisApHGH3hbcu4C9UJS,The Tragically Hip,Bobcaygeon,Rock,1998,2026-10-04
spotify:track:2ShOBhvAAglIFJ7Be8aJK2,Japandroids,The House That Heaven Built,Alternative,2012,2026-10-04
spotify:track:2trAfOiQnN8j2vBIQH3E7f,Cassia,friends,Alternative,2024,2026-10-04
spotify:track:34gQcmmw9YFwbCgmVOeURf,Destroyer,Hydroplaning Off the Edge of the World,Alternative,2025,2026-10-04
spotify:track:3ffpAgPusYqOoQJmKWtnbW,Tunde Adebimpe,Magnetic,Alternative,2024,2026-10-04
spotify:track:3ghgwo0BTPm329zGMQRfn7,Feist,I Feel It All,Pop,2006,2026-10-04
spotify:track:3QZ7uX97s82HFYSmQUAN1D,Rush,Tom Sawyer,Rock,1981,2026-10-04
spotify:track:3QZsFk0FoPuQRyoiXDAEBI,Divorce,All My Freaks,Alternative,2024,2026-10-04
spotify:track:3YvHeJwoLvl06hHDKHRVDR,My Morning Jacket,Time Waited,,2025,2026-10-04
spotify:track:3Z6HMD0zTxTUqrmh9ZoIib,TOPS,Petals,Alternative,2017,2026-10-04
spotify:track:46zWnizX8Zny8ydVg04KVL,Kathleen Edwards,Six O'Clock News,Pop,2002,2026-10-04
spotify:track:4qUMAiRkCY92dw7wnj7phr,The Weakerthans,Aside,Alternative,2000,2026-10-04
spotify:track:4VhbsGXRGDncpi79aiX8eE,Lucy Dacus,Ankles,Alternative,2024,2026-10-04
spotify:track:5cmZ1viuOQc93xV7fYV5SV,Inhaler,A Question Of You,Alternative,2024,2026-10-04
spotify:track:5jx8nGaWvgYQZJd6k1OOuO,Lucius,Gold Rush,Alternative,2024,2026-10-04
spotify:track:5pSUjdZs1w7k6o44ej11Sa,Crystal Castles,Not In Love,Alternative,2010,2026-10-04
spotify:track:64ZYwei2k93G3muzSPXzRy,Metric,Risk,Alternative,2018,2026-10-04
spotify:track:6aBiU9lFd3BhtggI7aeqBI,Anne Murray,I Just Fall In Love Again,Pop,1979,2026-10-04
spotify:track:7e9AYguSxiDxFlnf87mZFA,Mallrat,Virtue,,2025,2026-10-04
spotify:track:0b0RjRuB3jl7S06Py2yulI,"Camel Power Club, Pedro Blue",Don't Make It a Song,Alternative,2025,2026-10-04
spotify:track:0fOjUafaAhJV16oRBgCtz7,Spiritualized,Ladies and gentlemen we are floating in space,Alternative,1997,2026-10-04
spotify:track:0K3Xm2MeSXKbvydIJfTpuN,Bloc Party,Like Eating Glass,Alternative,2005,2026-10-04
spotify:track:0kegYC78JtbNsw6n51unh0,Van Halen,Poundcake,Pop,1990,2026-10-04
spotify:track:0NkdcjZkB6ZzHZlEhgiT1X,Rufus Wainwright,Do I Disappoint You,,2007,2026-10-04
spotify:track:0Tr5G2mE56eLUGvCaXRM8I,KALEO,No Good,Alternative,2016,2026-10-04
spotify:track:1EuvOdyyzhFUP2z3gfr6xz,Alabama Shakes,Hold On,,2011,2026-10-04
spotify:track:1QoyuMHNBe7lg3YW4Qtll4,"Tyler, The Creator, Daniel Caesar",St. Chroma (feat. Daniel Caesar),Rap/Hip Hop,2024,2026-10-04
spotify:track:2zMjyH4hqFkTNjlqZWK3YL,Phoebe Bridgers,Smoke Signals,Alternative,2017,2026-10-04
spotify:track:3hwnMsJB7c8tF9f0AAt6ak,Strand of Oaks,Galacticana,Rock,2020,2026-10-04
spotify:track:3ROb7gmdk18SFh8QZ9EtVd,Samantha Crain,Dragonfly,Folk,2024,2026-10-04
spotify:track:3Tp0oclqkEPNokjJ2EBNlz,The No Ones,KLIV,Alternative,2023,2026-10-04
spotify:track:42cxPm9jgbaxIVN77XA1m6,Blur,Tender,Rock,1998,2026-10-04
spotify:track:4fUKE8EULjQdHF4zb0M8FO,The Beatles,Sgt. Pepper's Lonely Hearts Club Band - Remastered 2009,Rock,1967,2026-10-04
spotify:track:4gxB4rp8t4qw08KJR8aDkD,Mudcrutch,Shady Grove,Rock,2008,2026-10-04
spotify:track:4iG2gAwKXsOcijVaVXzRPW,MGMT,Time to Pretend,Pop,2005,2026-10-04
spotify:track:4IHc6SzGPnzSPuHVEPzpJc,The Beach Boys,Wouldn't It Be Nice,Rock,1966,2026-10-04
spotify:track:4kxlUznSzzc8li5kPtdAug,Band of Horses,The First Song,Alternative,2006,2026-10-04
spotify:track:4nJlfdLIucLBkXEJPsSCSp,The Black Crowes,Twice As Hard,Pop,1990,2026-10-04
spotify:track:4RCVUgIoaUyt3sKc3TNFgW,Guadalcanal Diary,Trail of Tears,Alternative,1985,2026-10-04
spotify:track:60eVCXFCuw1WYswBuNZc4H,The Killers,Jenny Was A Friend Of Mine,Alternative,2004,2026-10-04
spotify:track:7kuOhBGsXjpwvLRQCDAPAJ,Frazey Ford,September Fields,Alternative,2014,2026-10-04
spotify:track:7pamxApUs3CE8t7tKmUJ6Z,Anderson .Paak,The Bird,R&B,2010,2026-10-04
spotify:track:7uELmcXg4U2iCcrXMvD8dj,Wolf Alice,The Beach,,2021,2026-10-04
spotify:track:00kvKlIvfzQLSi6T2zwXuS,The Brothers Johnson,Strawberry Letter 23,R&B,1977,2026-10-04
spotify:track:05IdqHMPXSr8dW4rEw5SEZ,Viagra Boys,Man Made of Meat,Alternative,2022,2026-10-04
spotify:track:0gC2VZUx2v9YOElG1tSgpv,foxgluvv,Fries,,,2026-10-04
spotify:track:0xLCawHAfE3tqlPWRvhT49,Jazmin Bean,Saccharine,Alternative,2019,2026-10-04
spotify:track:1tfBIYpcPAaBiF1ZkAOLNB,Kaiser Chiefs,Tomato In The Rain,,2008,2026-10-04
spotify:track:21lfQ6cXJF15ubyPLB6qHz,flipturn,Vanilla,Alternative,2017,2026-10-04
spotify:track:29RuvE9bZ59kWBbkXFS3ri,Saturday Looks Good To Me,Alcohol,Alternative,2003,2026-10-04
spotify:track:2IjrpCoWSozwPHkqTCreRR,Mystery Jets,Flakes,Alternative,2008,2026-10-04
spotify:track:2junx9LRubsMY2OHaSc5DE,The Smashing Pumpkins,Mayonaise - 2011 Remaster,Rock,1993,2026-10-04
spotify:track:2qSkIjg1o9h3YT9RAgYN75,Sabrina Carpenter,Espresso,Pop,2024,2026-10-04
spotify:track:2WxVxmxKgXTgvQaRmAG4ub,Ratatat,Cream On Chrome - Single Edit,,2015,2026-10-04
spotify:track:30GGIrrJdSNtecPiFcVP5O,Sylvan Esso,Coffee,Alternative,2014,2026-10-04
spotify:track:3erMpGAv6cGCEcYcaE19p1,The Regrettes,Pumpkin,Alternative,2019,2026-10-04
spotify:track:3pHvVcToKzumdjDX9tFEA9,Jocelyn & Chris Arndt,Sugar and Spice,Rock,2021,2026-10-04
spotify:track:3UAJsDvqmJN0JwkLkHLZjJ,Graham Gouldman,No Milk Today,,1968,2026-10-04
spotify:track:4a5pNRjwmzYQuEY1E7O6pj,Supertramp,Breakfast In America - Remastered 2010,Rock,1979,2026-10-04
spotify:track:4cb2WcD5PNXF1klLcH47h8,Palehound,Cinnamon,,2015,2026-10-04
spotify:track:4sYbZjRCyaFqCtJ2Uvfh8B,Dominic Fike,Chicken Tenders,Alternative,2020,2026-10-04
spotify:track:5huLMzIzFEdVcvEzt2hfk1,The Presidents Of The United States Of America,Peaches,Rock,1995,2026-10-04
spotify:track:6PItGkohRqmjKa6YyyvfIT,Wise Guys,Chocolate Chip Cookies,Pop,2003,2026-10-04
spotify:track:71kOw2TptJoVBxaqDWPtZd,Tom Lehrer,The Wiener Schnitzel Waltz,Rock,1953,2026-10-04
spotify:track:76BIj06DoRIuJLtchonDcd,Vampire Weekend,Horchata,,2009,2026-10-04
spotify:track:7myzdcGa6aTaXj3Wf1V55M,Caamp,Strawberries,Pop,2018,2026-10-04
spotify:track:7prgnSTfRjVDILfEPuTIeN,Rising Appalachia,Stromboli,Folk,2015,2026-10-04
spotify:track:04QTBqa3IA4ZAKEuqRPzEH,"Tyler, The Creator, Frank Ocean, Laetitia Sadier",PartyIsntOver/Campfire/Bimmer (feat. Frank Ocean & Laetitia Sadier),Rap/Hip Hop,2013,2026-10-04
spotify:track:0eyr0n26E7Hlb9sLPlOoJQ,Young Fathers,GET UP,Rap/Hip Hop,2013,2026-10-04
spotify:track:0SADXPubFbFXu7ZR3M86io,Jurassic 5,What's Golden,Rap/Hip Hop,2002,2026-10-04
spotify:track:24A4pIY1UJgSTB0qNoWhHo,"The Go! Team, Nitty Scott",Whammy-O,,2022,2026-10-04
spotify:track:2eNSieyqDoZMa3yOSagR4q,Souls Of Mischief,Step To My Girl,Rap/Hip Hop,1998,2026-10-04
spotify:track:2mu2oL9gdgHGtlg9poer2u,Digable Planets,Rebirth of Slick (Cool Like Dat),Rap/Hip Hop,1992,2026-10-04
spotify:track:2PpruBYCo4H7WOBJ7Q2EwM,Outkast,Hey Ya!,Rap/Hip Hop,2002,2026-10-04
spotify:track:31tw8G1CMOf4XNAWiwj41u,Outkast,Church,Rap/Hip Hop,2002,2026-10-04
spotify:track:379wB253M6h2n1WkWxnVL0,WHY?,Good Friday,Alternative,2007,2026-10-04
spotify:track:3NkIfsiFHnljGrlXSD2AJ3,Matisyahu,King Without a Crown,Pop,2004,2026-10-04
spotify:track:4hB8J06D2ZaGkWZDOMpYZB,De La Soul,(3 Is) The Magic Number,Rap/Hip Hop,2022,2026-10-04
spotify:track:4hr0umaFiRM6JKrqcABNZF,"De La Soul, Jungle Brothers, A Tribe Called Quest, Queen Latifah, Monie Love",Buddy - Native Tongue Decision,Rap/Hip Hop,1989,2026-10-04
spotify:track:4NsnzeT6umoSgnkhFSxkYC,George Clinton & The P-Funk All Stars,Somethin' Stank,,,2026-10-04
spotify:track:4ycLiPVzE5KamivXrAzGFG,CeeLo Green,Fuck You,Alternative,2010,2026-10-04
spotify:track:6bVUwujYeG4u9IBm4Vugfs,Jungle Brothers,Straight Out The Jungle,Rap/Hip Hop,1988,2026-10-04
spotify:track:6HxweNytuEQdmGeVtZPZz3,"The Roots, Cody Chesnutt",The Seed (2.0),Rap/Hip Hop,2002,2026-10-04
spotify:track:6jwtD6xAveK9dZbnirE8sz,"Chance the Rapper, Lil Wayne, Smino",Tree,Rap/Hip Hop,2025,2026-10-04
spotify:track:6mLnwEAyhd8WJ1wBEkpGeG,"Slick Rick, Giggs",Stress,Rap/Hip Hop,2025,2026-10-04
spotify:track:6ZGoFntcQUWTPGGQPQmecY,JID,Kody Blu 31,Rap/Hip Hop,2022,2026-10-04
spotify:track:7eHt7rcLWNXREbck9PAsHA,The Streets,Turn the Page,,2002,2026-10-04
spotify:track:7G4U7IDXXPz1PFlKpfDGoZ,RJD2,The Horror,Rap/Hip Hop,2002,2026-10-04
spotify:track:7Gc9OoiYsUrByC8tzD7kYY,"DJ Shadow, Run The Jewels",Nobody Speak,Rap/Hip Hop,2014,2026-10-04
spotify:track:7rQEsMAmRB4KaXhx3xJM13,Dizzee Rascal,Holiday,Rap/Hip Hop,2009,2026-10-04
spotify:track:7tOAN6w4a1LD0iqkRnIrhZ,Ana Tijoux,1977,Latin Music,2009,2026-10-04
spotify:track:7uhbPEV5z9sngRGnRKJLvo,Jamie T,Spider's Web,Pop,2009,2026-10-04
spotify:track:07ePHsQ0SopWrnCbNjNC2D,Little Anthony & The Imperials,Tears on My Pillow,,1958,2026-10-04
spotify:track:0As6CEEV5d6tOEFhSx444J,The Rivingtons,Papa-Oom-Mow-Mow,R&B,1962,2026-10-04
spotify:track:0SzvmWfOhoxZVGrmvb56YL,Arctic Monkeys,Baby I'm Yours,Alternative,2006,2026-10-04
spotify:track:1DndHckdH9m5rp6gYP086b,Dion,Runaround Sue,Rock,1961,2026-10-04
spotify:track:1N131UBLlYAUJNVpHOfEc1,Monotones,The Book of Love,Jazz,1956,2026-10-04
spotify:track:2drXvACELcvwryaFRiRPdA,The Chords,Sh-Boom,Rock,1954,2026-10-04
spotify:track:2F4FNcz68howQWD4zaGJSi,The Tokens,The Lion Sleeps Tonight (Wimoweh),Pop,1961,2026-10-04
spotify:track:2jPgfwVXOKnUl2QLQsnIAT,The Ink Spots,If I Didn't Care,R&B,1939,2026-10-04
spotify:track:2uyTuHLAB3unDK1vkjViH5,Randy & The Rainbows,Denise,Pop,1963,2026-10-04
spotify:track:2xMAFTxwZ0w1twuyMZcYb7,The Chantels,Maybe,R&B,1957,2026-10-04
spotify:track:2YEOX9UNs32IT1EspH5PIQ,The Cellos,Don't Wait Featuring Dolly Lyon,R&B,2009,2026-10-04
spotify:track:3EBjM5O4Kc0aiMfw0Zyqfo,The Nutmegs,The Ship of Love,Rock,1994,2026-10-04
spotify:track:3hy4WKSFmCsyQbwAgPixMc,The Capris,There's a Moon Out Tonight,,1958,2026-10-04
spotify:track:3Lbxie6whOW4eMt4jtI32k,The Coasters,Yakety Yak - 2007 Remaster,Films/Games,1959,2026-10-04
spotify:track:3NzrQvCwDhY4uaElCP7aQV,The Flares,Foot Stompin',Rock,1988,2026-10-04
spotify:track:3YdKJzcoMZMacISlpY4QoP,The Flamingos,I Only Have Eyes for You,R&B,1959,2026-10-04
spotify:track:4HdRMye6yPWOFrfLLM7W6b,The Shirelles,Dedicated To The One I Love,R&B,1959,2026-10-04
spotify:track:5HJ2b5hKJpPlPCqu5vcczu,The Willows,Church Bells May Ring,R&B,1956,2026-10-04
spotify:track:5JI6JKRsAWNDQkTXARbzzY,The Harptones,Sunday Kind of Love,,1955,2026-10-04
spotify:track:5NqB5TzcSdRl21iOUM0L59,Lou Christie,The Gypsy Cried,Pop,1963,2026-10-04
spotify:track:5TJWz9Vfje7rTKpl0oPy3m,The Impalas,Sorry (I Ran All the Way Home),R&B,1959,2026-10-04
spotify:track:5xAj6q8syMYyRv7bp3bcQM,The Wanderers,A Little Too Long,R&B,1961,2026-10-04
spotify:track:6FMGHBZaYQY7oFS7vyZx8a,"Thurston Harris, The Sharps",Little Bitty Pretty One,Rock,1957,2026-10-04
spotify:track:75ewj77lCHHLKOlyx5KvGw,The Marcels,Blue Moon,R&B,1977,2026-10-04
spotify:track:7oTLve4cUYnBoqk07PAkoE,The Chiffons,My Boyfriend's Back,Pop,1988,2026-10-04
spotify:track:04uR2cdkgiaLIzebPcs25m,Grizzly Bear,Two Weeks,Alternative,2008,2026-10-04
spotify:track:0jVOyY5nzYkq6BxkZ0n7mA,Turin Brakes,96,,2016,2026-10-04
spotify:track:0MrCnE98Ev0NUbZSxNprJY,The Brian Jonestown Massacre,13,Rock,1996,2026-10-04
spotify:track:0vstoapfzoOlqD8zurG2uJ,Edwin Starr,Twenty Five Miles,R&B,1968,2026-10-04
spotify:track:1f39qa7ZJf0lh5V6ATlUFT,Elvis Costello,45,Rock,2002,2026-10-04
spotify:track:2a9CuEjc7XIux8YLOEVKpv,The Front Bottoms,12 Feet Deep,Rock,2014,2026-10-04
spotify:track:2lB6Q5nBX3d22RWX59jNj9,"Maggie Rogers, Sylvan Esso",Anthems For A Seventeen Year-Old Girl,Alternative,2025,2026-10-04
spotify:track:2pA4ip3VIEVcIa3qE02oAX,BØRNS,"10,000 Emerald Pools",Alternative,2014,2026-10-04
spotify:track:2RaGRh57p4OtzpXtr65Nws,Blonde Redhead,23,,2007,2026-10-04
spotify:track:2VXZX88hgADn7N45nkf7vi,Social Distortion,99 To Life,Rock,1992,2026-10-04
spotify:track:3YxBBvWnhl3CHHLpVAu5vO,Chicago,Questions 67 and 68 - 2002 Remaster,Rock,1969,2026-10-04
spotify:track:45gi1Q8yQC7qEQFclcshYP,The Infidels,7 & 7,,,2026-10-04
spotify:track:4d5Fh06O9uexQSlbi8i3v5,Tegan and Sara,Nineteen,Alternative,2007,2026-10-04
spotify:track:4gsR34XSIE2fUY4odwZqym,Sjowgren,Seventeen,Alternative,2015,2026-10-04
spotify:track:4oJmn4nJyODaWvQzyglvPF,Kaiser Chiefs,How 2 Dance,Pop,2021,2026-10-04
spotify:track:4PEeZ2U4UfP2Jo8EtIOjus,? & The Mysterians,96 Tears,Pop,1966,2026-10-04
spotify:track:4vwHBxN5OGtUqqUWvWClGd,100 gecs,757,Alternative,2021,2026-10-04
spotify:track:4Yg9sKLmvYuybzU9Ruiced,Ryan Adams,Two,Folk,2005,2026-10-04
spotify:track:5dZ8PeKKZJLIQAWNTdp8WX,The Beatles,Revolution 9 - Remastered 2009,Rock,1968,2026-10-04
spotify:track:5jZoYp0P8ML7AxkS3tQz3j,Sharon Van Etten,Seventeen,Alternative,2018,2026-10-04
spotify:track:64DpBZj4IlDFzCwxTq7azl,Neutral Milk Hotel,"Holland, 1945",Alternative,1997,2026-10-04
spotify:track:6EIq1CfXU0vGcIcHv6toFB,Appalachian Road Show,99 Years and One Dark Day,Rock,2020,2026-10-04
spotify:track:6i99ThziImjuFABb8rUQvy,Julian Casablancas,11th Dimension,Alternative,2009,2026-10-04
spotify:track:6MrLkXsMmHaYt680fhJUAq,sombr,12 to 12,Alternative,2025,2026-10-04
spotify:track:6QbyIrAZbeVs16IzrGSdjc,clipping.,Chapter 319,Rap/Hip Hop,2020,2026-10-04
spotify:track:08QaHlMPWuO5PUxjl61bXn,Klaus Badelt,He's a Pirate,Films/Games,2003,2026-10-04
spotify:track:0juPSJLFnLFim7BK6VzTes,"Henry Mancini, Plas Johnson","The Pink Panther Theme - From ""The Pink Panther""",Jazz,1963,2026-10-04
spotify:track:0kwuKfWntoGh0EWyYb7Mpf,Kyle Dixon & Michael Stein,Stranger Things,Films/Games,2016,2026-10-04
spotify:track:0l4seNH8AyE2kvjxFfpWi1,Trevor Jones,Promentory,Films/Games,1992,2026-10-04
spotify:track:0LIc6Ktjr7XnwnRylXWSIM,Bernard Herrmann,The Murder,Films/Games,1975,2026-10-04
spotify:track:14bQLrbjBSs5gFZDN9uppi,"George Dunning, Morris Stoloff",Moonglow And Love Theme,,,2026-10-04
spotify:track:14rZjW3RioG7WesZhYESso,Yann Tiersen,"Comptine d'un autre été, l'après-midi",Films/Games,2001,2026-10-04
spotify:track:1FI5hblwy9ZwyPg4Jr5hni,Alan Silvestri,"Back To The Future: Back To The Future - From ""Back To The Future""",Films/Games,1999,2026-10-04
spotify:track:1JSIWsJfxOji0FrxFcxdCK,Ennio Morricone,"The Good, The Bad And The Ugly - 2004 Remaster",Films/Games,1973,2026-10-04
spotify:track:1n8NKQRg8LVHy7oUhUgbFF,John Williams,Hedwig's Theme,Films/Games,2001,2026-10-04
spotify:track:1NIvlHD1PGOKE5kG0mAmMt,The Chemical Brothers,Escape 700,,2011,2026-10-04
spotify:track:1Sbj4XZn9Mhvw1vFbFOVss,TV Tunesters,Jeopardy - Game Show Theme,Films/Games,2011,2026-10-04
spotify:track:2AKJWVkYPC4LtMvFDxj0VT,Benoit Charest,La Jungle de Belleville,,2003,2026-10-04
spotify:track:2oDR7QWoLBk9VYMwsFbRGq,Vangelis,Love Theme,Pop,1989,2026-10-04
spotify:track:2wXFOd5lYZH3Hiuw1oAYGt,Cristobal Tapia De Veer,"Renaissance (Main Title Theme) - from ""The White Lotus: Season 2""",Films/Games,2022,2026-10-04
spotify:track:3KuBYFp54yQe66s4kQbQuR,Ernest Gold,Theme Of Exodus,,1961,2026-10-04
spotify:track:3RRdmSE4Vytb60hakTWNb3,Henry Mancini,Peter Gunn,Pop,1970,2026-10-04
spotify:track:49UzbfgLtI4INuA0TpSvij,Alberto Pomeranz,Il barone rosso,,1974,2026-10-04
spotify:track:4STawXsWD07vFeY99Kv7Nz,George Fenton,Clouds,Films/Games,1993,2026-10-04
spotify:track:51p3jvvaTRllGIxdmRVnRr,"Mike Post, Larry Carlton",Theme from Hill Street Blues (feat. Larry Carlton),Pop,1981,2026-10-04
spotify:track:5F7I0CfdEnVSPlwFabMyIi,The Outatime Orchestra,Back To The Future,Pop,1985,2026-10-04
spotify:track:62Da3JOu9H9EIgmqV7DoLG,"Clint Mansell, Kronos Quartet",Lux Aeterna,Films/Games,2000,2026-10-04
spotify:track:7swocJUCUWTCiRUAU9oerC,John Carpenter,Halloween Theme - Main Title,Films/Games,1981,2026-10-04
spotify:track:7yzVPisozc2tpwCbEe124o,Mark Knopfler,Once Upon a Time... Storybook Love,Films/Games,1987,2026-10-04
spotify:track:1a19jsjG2DvbN1fVJonKUU,beabadoobee,Beaches,Alternative,2024,2026-10-04
spotify:track:1Pao4DTLMB4gJPTnqmLgSQ,Jimmy Cliff,You Can Get It If You Really Want,Films/Games,1970,2026-10-04
spotify:track:1Sy2O9cXW4sq6ZDVzV5XZa,girl in red,dead girl in the pool.,Alternative,2019,2026-10-04
spotify:track:21qnJAMtzC6S5SESuqQLEK,Technotronic,Pump Up The Jam,Dance,1989,2026-10-04
spotify:track:2mMGuqg7pwFUchbSl9Pdsl,"Ane Brun, First Aid Kit",Do You Remember,Pop,2011,2026-10-04
spotify:track:2Ocfrk1syda141tYv7v9lr,Mano Negra,Out of Time Man,Rock,1991,2026-10-04
spotify:track:2sCoROOlNQyFpRQEe6A5lv,Robyn,Call Your Girlfriend,Dance,2010,2026-10-04
spotify:track:3Cm2bgwzocxsB5sD6g8VSL,a-ha,Foot Of The Mountain,Pop,2009,2026-10-04
spotify:track:3LXzqwjJWhoHYIScm4JHY8,Susanne Sundfør,White Foxes,Alternative,2012,2026-10-04
spotify:track:4aPeeN8IYOCMNBGI0p7169,KALEO,Hey Gringo,Alternative,2020,2026-10-04
spotify:track:4AuVMHAE0rk3ZXJhrrn4gb,Marlene Dietrich,Falling In Love Again,Jazz,1957,2026-10-04
spotify:track:4Jv7lweGIUOFQ7Oq2AtAh9,"Lykke Li, The Magician",I Follow Rivers - The Magician Remix,Alternative,2011,2026-10-04
spotify:track:4m8ttWM8IKXyhpv89E867J,Air,Cherry Blossom Girl,Electro,2003,2026-10-04
spotify:track:4OFF1YlbaIHc2JbMhW9fdv,VOLA,24 Light-Years,Rock,2021,2026-10-04
spotify:track:5aIVCx5tnk0ntmdiinnYvw,Tyla,Water,Pop,2023,2026-10-04
spotify:track:6ACXIPu0jhLDriV5sjrWtb,CAN,Moonshake,,1973,2026-10-04
spotify:track:6psoyO7EFHZCSf112zoYbR,The Dø,Anita No!,Alternative,2014,2026-10-04
spotify:track:6viGjaD9yqfxI0nCyUCTiu,We The Lion,Move Along,Pop,2016,2026-10-04
spotify:track:6vRX1MD1fLaGj6gX07jsyd,The Raveonettes,I Wanna Be Adored,Alternative,2010,2026-10-04
spotify:track:7fVSxx6LFcAVhBgDbCvV15,Yves,White cat,Asian Music,2025,2026-10-04
spotify:track:7ilc2TB1RZXbQJyFs5qCiC,Astrud Gilberto,Fly Me To The Moon,Jazz,1964,2026-10-04
spotify:track:7JXQlB4DER88Cer76iBMCk,Jens Lekman,Waiting for Kirsten,Alternative,2011,2026-10-04
spotify:track:0P2vAvvWni2tNXOdbH3JFk,The Bangles,Hazy Shade of Winter,Pop,1987,2026-10-04
spotify:track:0RKKLIOnAPImtlLlYEjbYF,Lake Street Dive,Rich Girl,Alternative,2011,2026-10-04
spotify:track:0ypcpkYOckOLxySl4m69gM,Noga Erez,Industry Baby,Alternative,2021,2026-10-04
spotify:track:1kWqRB6PHLM9QTfaXuHpIV,Tori Amos,Smells Like Teen Spirit - 2015 Remaster,Pop,1992,2026-10-04
spotify:track:1wLGaZpnYpcFggvtmCPWUh,"Nouvelle Vague, Camille",Making Plans for Nigel,Pop,2004,2026-10-04
spotify:track:2dono2Koz7DEvGwxUsmMLq,Royel Otis,Linger - SiriusXM Session,Alternative,2024,2026-10-04
spotify:track:2faT135hfs9Ro4YUlKIG8o,Hurray For The Riff Raff,Jealous Guy,Folk,2013,2026-10-04
spotify:track:2Oxrq0oQaQb5dtswjYMwmm,Lone Justice,Ways To Be Wicked,Rock,1985,2026-10-04
spotify:track:2Pn5gvVioma5LHPxgEBBmD,Annie Lennox,"No More ""I Love You's""",Pop,1994,2026-10-04
spotify:track:2roh7fKqKBoWaH5kHUXtWX,The Futureheads,Hounds of Love,Pop,2004,2026-10-04
spotify:track:2RyJZ2ak42rIsDtY2aKxPQ,Travis,Baby One More Time - In Session,Alternative,1999,2026-10-04
spotify:track:2ZFfGgz5RonguqJlm6ajoR,Lucy Dacus,Dancing In The Dark,Alternative,2019,2026-10-04
spotify:track:3bgn7BnExWqbi9RHOtlK5y,Tom Petty and the Heartbreakers,Change the Locks,Pop,1996,2026-10-04
spotify:track:3J0AoQhAufniMrznCRJASD,Cyndi Lauper,I Drove All Night,Pop,1989,2026-10-04
spotify:track:3pIbQFvDT84Jvq5ItOAYh2,"Easy Star All-Stars, SunDub",Lady Stardust (feat. SunDub),,2023,2026-10-04
spotify:track:4ejLSXfa1KTkpc2GrPdbJH,Florence + The Machine,Not Fade Away,Pop,2011,2026-10-04
spotify:track:4RL77hMWUq35NYnPLXBpih,Birdy,Skinny Love,Pop,2011,2026-10-04
spotify:track:5JE4ihr3mgsj1V5HOG092V,Mad Hatter's Daughter,Hurt,Alternative,2016,2026-10-04
spotify:track:5vgPGHQJ0HQ8wyuezGpeXp,Katie Melua,Just Like Heaven,Pop,2005,2026-10-04
spotify:track:6qK38sSJQvNgUu2F9oLv85,black midi,Love Story,Alternative,2021,2026-10-04
spotify:track:7aVUPpEb9j2sSmgb4AdFWD,Widowspeak,Wicked Game,Alternative,2011,2026-10-04
spotify:track:7cBAltYsu55X4BgiOUjaSY,James Bay,"The Best - Recorded at Metropolis Studios, London",Alternative,2018,2026-10-04
spotify:track:05HjafWVI238CLw5RDNkas,Nickel Creek,The Lighthouse's Tale,Country,2000,2026-10-04
spotify:track:0aWhxzFrP2Yyz3CetJe0xE,The Knife,Pass This On,Electro,2003,2026-10-04
spotify:track:0cWPr2PvYTQERq88b4jGXw,Manfred Mann,The Mighty Quinn,Pop,1968,2026-10-04
spotify:track:0fhoxg8I2MqRFjTrLFIIuO,Bonobo,Pick Up,Electro,2003,2026-10-04
spotify:track:0sT4slW2xWai3EwVSiuL9Y,Arlo Parks,Eugene,R&B,2019,2026-10-04
spotify:track:0TQwoYnLVBiIEmaMFbzOEc,The Clash,Lose This Skin - Remastered,Alternative,1980,2026-10-04
spotify:track:0zWSyE8CidnvFnYtDYUymL,The Push Stars,Drunk Is Better Than Dead,Pop,1998,2026-10-04
spotify:track:1bhpBRCLsVg3p7BWARbaDS,Eddie Vedder,Rise,Rock,2005,2026-10-04
spotify:track:1RmJJPvyMSszOQHJ4s03A2,St. Paul & The Broken Bones,Call Me,R&B,2013,2026-10-04
spotify:track:1rzv8kSbkExz2wIQ4EYRql,Madness,It Must Be Love,Pop,1981,2026-10-04
spotify:track:1UX6yJgHbpby2VS5TsoLVL,"Sébastien Tellier, Mr. Dan",La ritournelle - Mr Dan's Magic Wand Mix,Electro,2003,2026-10-04
spotify:track:2Lk8XTulavagQOrYqFpGB8,Billy Strings,Dust in a Baggie,Country,2015,2026-10-04
spotify:track:2OYmCSVGmN5vXuG5dX5LKY,Andrew Bird,Are You Serious,Alternative,2015,2026-10-04
spotify:track:2pxGz1ozgnNzFx5R9sHtD7,Sunparlour Players,Talk It To Death,,2005,2026-10-04
spotify:track:2SSBJhvMsujY94GK5JAtKs,Morphine,Buena,Rock,1993,2026-10-04
spotify:track:3uJZ8YK8XkjIvBCZS9CS2t,"Aphex Twin, Alarm Will Sound, Allan Pierson",Fingerbib (Arr. J. Newman),,,2026-10-04
spotify:track:4cwCN5oe8NtPb1orgeyMWM,múm,Green Green Grass Of Tunnel,Alternative,2001,2026-10-04
spotify:track:4gVsKMMK0f8dweHL7Vm9HC,"Blood Orange, Caroline Polachek, Lorde, Mustafa","Mind Loaded (feat. Caroline Polachek, Lorde & Mustafa)",Alternative,2025,2026-10-04
spotify:track:5G9LvzXcBoIBXOd2jzdJTs,Björk,Venus as a Boy,Alternative,1993,2026-10-04
spotify:track:5w1ingzqrsJka9nlnEFB64,The Moody Blues,Nights In White Satin,Rock,1967,2026-10-04
spotify:track:6SELeF14P3NaapQApONXq5,Tilly And The Wall,Fell Down the Stairs,,2004,2026-10-04
spotify:track:6taQFT8X47MlpTp4AOEF18,Ra Ra Riot,Ghost Under Rocks,Alternative,2007,2026-10-04
spotify:track:7nemcVsXVFZF01iqpIIo2Y,AC/DC,It's a Long Way to the Top (If You Wanna Rock 'N' Roll),Rock,1975,2026-10-04
spotify:track:02CPLJ30v1L1T7L4KriTa8,Beat Happening,Foggy Eyes,Alternative,1985,2026-10-04
spotify:track:0PgNhIg5n0UAOBVn43b8b6,Red Hot Chili Peppers,The Adventures of Rain Dance Maggie,Rock,2011,2026-10-04
spotify:track:12AxF47ONwoPgqzm5TDXNk,Wild Cub,Thunder Clatter,Pop,2012,2026-10-04
spotify:track:1nIXycv30BNwGTZ6II9kep,2 Live Jews,Oui! It's So Humid,,,2026-10-04
spotify:track:1T0Kkq1Oio6nHVhenMQeDR,Florence + The Machine,Hurricane Drunk,Alternative,2009,2026-10-04
spotify:track:22FyPImblnIru0QheWYO7d,Cilla Black,(Love Is Like A) Heatwave,Pop,1965,2026-10-04
spotify:track:2b4nAtGKMuUMuvH203xngH,Parquet Courts,Before the Water Gets Too High,Alternative,2017,2026-10-04
spotify:track:2OQhFe5jjTnMWaaDRZxz31,Lou Christie,Lightnin' Strikes,Pop,1965,2026-10-04
spotify:track:2s5GJwQ6vaDRQkMBuwW27p,Few Bits,Summer Sun,Alternative,2016,2026-10-04
spotify:track:35aNHKBZWXXbL9KQK7O5Nk,MS MR,Hurricane,Alternative,2012,2026-10-04
spotify:track:367rg4DJZsp7GCTrDpDVT6,strongboi,cold,Alternative,2015,2026-10-04
spotify:track:3oQomOPRNQ5NVFUmLJHbAV,Israel Kamakawiwo'ole,Over the Rainbow,,2001,2026-10-04
spotify:track:3WrkS6dy9cJxAseSLqZeis,Warren Haynes,Till The Sun Comes Shining Through,Rock,2024,2026-10-04
spotify:track:3Xd39NB1rifow2RDNVgSFp,Jonathan Edwards,Sunshine (Go Away Today),Country,1999,2026-10-04
spotify:track:4HGzripG3whzY9VN49z03D,Tim Minchin,White Wine in the Sun,,2008,2026-10-04
spotify:track:54gA6uJNz3wDhq4kEwE9i8,Jonny Lang,Still Rainin',Pop,1998,2026-10-04
spotify:track:5DnT9a5IM3eMjKgXTWVJvi,Creedence Clearwater Revival,Have You Ever Seen The Rain,,1970,2026-10-04
spotify:track:5UPnBgnylUCjtAPtAH4tJY,Joy Division,Atmosphere - 2010 Remaster,Alternative,1980,2026-10-04
spotify:track:63k361zOGEhmvgzBdzzSGP,Manchester Orchestra,The Sunshine,Alternative,2017,2026-10-04
spotify:track:6PhlxvBOIXPiTsGERpw5oW,Bear's Den,Red Earth & Pouring Rain,,2016,2026-10-04
spotify:track:7cD3SzllF6dvSrKWg35uQp,Mumford & Sons,"Winter Winds (Live from Shepherd's Bush Empire, 2010)",,2009,2026-10-04
spotify:track:7iV2w73aB3oL7UWgEAWuiN,Bright Eyes,Four Winds,Alternative,2006,2026-10-04
spotify:track:7J4GmvwgVBKMS6BAWnhLwB,Xavier Rudd,Storm Boy,Alternative,2018,2026-10-04
spotify:track:19f19ggGqadnXGDcsKkX9z,Houndmouth,Comin' Round Again,,,2026-10-04
spotify:track:1K4A2plberZZomPeQlJS6u,Goose,Arrow,Alternative,2020,2026-10-04
spotify:track:1KpAjuTO2M9eYnaGz6uoTc,The Beths,Straight Line Was A Lie,Alternative,2025,2026-10-04
spotify:track:1lDzg2JUvcQSPgIfzMWmFe,New Order,"Bizarre Love Triangle - 7"" Remix Edit; 2015 Remaster",Pop,1986,2026-10-04
spotify:track:1ri9xlwv99u8jL1RZVjs1R,Frente!,Bizarre Love Triangle,Pop,1994,2026-10-04
spotify:track:2bUBj4tcKV2T08lwZHfnCg,Tokyo Police Club,Box,Alternative,2006,2026-10-04
spotify:track:2drtd6SptpMJ1KylMQ7mrE,Soccer Mommy,circle the drain,Alternative,2019,2026-10-04
spotify:track:2gNRPDHT9jw2fIKLRpLgT9,NEEDTOBREATHE,The Heart,Rock,2013,2026-10-04
spotify:track:3EzrpHJFLS1l4bQpSGqhai,CHVRCHES,Never Ending Circles,Alternative,2015,2026-10-04
spotify:track:3JaoXcY1asGzOVNrfTEVR3,Steel Mammoth,Amplituhedron Baby,,,2026-10-04
spotify:track:3pSWr2EpMNomEOVCYAuqrD,Enya,Diamonds on the Water,Pop,2015,2026-10-04
spotify:track:3ykCBUy37D9J4jHhQid7l1,Edie Brickell & New Bohemians,Circle,Pop,1988,2026-10-04
spotify:track:4hZyykckhszrsn9yJy4R0n,The Temptations,Ball Of Confusion (That's What The World Is Today),Pop,1970,2026-10-04
spotify:track:4kPWpw4CXRyeovZZpJtkLk,Sam Bush,Circles Around Me,Country,2009,2026-10-04
spotify:track:4O4CIe0o21SKyH2u3axUWs,Air Traffic,Shooting Star,Rock,2006,2026-10-04
spotify:track:4OjqrdD3QILzxkGwNoMk0c,The Yardbirds,Shapes of Things - 2015 Remaster,Rock,1966,2026-10-04
spotify:track:56hyqliBwT15WP1sCdOp4E,Lael Neale,Every Star Shivers in the Dark,Alternative,2020,2026-10-04
spotify:track:5AuCLynBQNDla4xrVBP2Ct,The Flaming Lips,Vein of Stars,Alternative,2006,2026-10-04
spotify:track:5c33j1xFVOL4G24zxYhssB,The Isley Brothers,This Old Heart Of Mine (Is Weak For You),,1966,2026-10-04
spotify:track:5Vt2oXZbkQgFWH1Tih1okV,Chris Stapleton,When The Stars Come Out,Country,2014,2026-10-04
spotify:track:6JLYifKMF5DbeyxsVvGubh,Dag Nasty,Circles,Alternative,1984,2026-10-04
spotify:track:6UO72VSXEONxdfLyABihs9,Radiohead,Black Star,Alternative,1994,2026-10-04
spotify:track:7fsn7MI8xDMSmoHT1dBr2A,Allah-Las,Star,Alternative,2018,2026-10-04
spotify:track:0AHeofuq0jBOP31Z0fmfwq,Sharon Jones & The Dap-Kings,All Over Again,R&B,2005,2026-10-04
spotify:track:0aLvn31cmUcmhtSnbty3iS,John Hartford,Turn Your Radio On (II),Folk,2011,2026-10-04
spotify:track:0byOqNZN9ailhoORv5Ps0Z,Simon & Garfunkel,I Am a Rock,Rock,1965,2026-10-04
spotify:track:1BoAUj2LKTvgIfi7wjAAQa,Keane,Bedshaped,Alternative,2003,2026-10-04
spotify:track:1InTsQVNAQuEVqMNU1n7U0,Lightning Dust,Never Again,Alternative,2013,2026-10-04
spotify:track:26PwuMotZqcczKLHi4Htz3,Bob Marley & The Wailers,Redemption Song,Reggae,1980,2026-10-04
spotify:track:2CPturRUlpvirYr7VpkXCV,Nas,It Ain't Hard to Tell,Rap/Hip Hop,1994,2026-10-04
spotify:track:2HL9AWMPtGWxPEYyEdpdaU,Jay Som,Get Well,,2019,2026-10-04
spotify:track:37llU8eQAQu1uNkSRfQWkD,The Alarm,Walk Forever by My Side - 2019 Remaster,Rock,1985,2026-10-04
spotify:track:3T00vgU0eKHjHwrEM6BlUT,The Beaches,Last Girls At The Party,Alternative,2025,2026-10-04
spotify:track:3Ty7OTBNSigGEpeW2PqcsC,Portishead,Glory Box,Rock,1994,2026-10-04
spotify:track:52ojopYMUzeNcudsoz7O9D,Tame Impala,"New Person, Same Old Mistakes",Alternative,2015,2026-10-04
spotify:track:5AiNr1E4t8n1T4NebVLKyK,Brian Eno,Here Come The Warm Jets - 2004 Digital Remaster,Rock,1973,2026-10-04
spotify:track:5ydtsbfLUZCsWFO3bMtClS,Die Antwoord,No 1,Rap/Hip Hop,2020,2026-10-04
spotify:track:5yJaXWIErrrsjQ3J0eR5aK,Lord Huron,The Night We Met,Films/Games,2012,2026-10-04
spotify:track:66GudmaulDXRFLwDtKmRyQ,Warpaint,Send Nudes,Alternative,2021,2026-10-04
spotify:track:67Gxmj8NbR8C8EKkWgFrlr,Jamestown Revival,Home,Alternative,2014,2026-10-04
spotify:track:6DTw1VZjHrH0o9G8IyckwM,"Ben Kweller, MJ Lenderman",Oh Dorian (feat. MJ Lenderman),Alternative,2025,2026-10-04
spotify:track:71glNHT4FultOqlau4zrFf,Mt. Joy,Bathroom Light,Rock,2022,2026-10-04
spotify:track:72ahyckBJfTigJCFCviVN7,Electric Light Orchestra,Don't Bring Me Down,Rock,1979,2026-10-04
spotify:track:76T1lh0LT3vTPwVTzhebKk,Mastersystem,Bird is Bored of Flying,Alternative,2018,2026-10-04
spotify:track:7EuWhrtGkNE6nbvscqCFTw,Justin Townes Earle,Talking To Myself,Alternative,2019,2026-10-04
spotify:track:04yfprdwbPNibN8M6vE8NQ,Omer Adam,Hopa,,2006,2026-10-04
spotify:track:0atchYBOarx9klLwbqKeaR,Stereolab,Cybele's Reverie,Alternative,1996,2026-10-04
spotify:track:0sovdiZmOfBMEWcubwsw3D,The Klezmatics,Dzhankoye,,1989,2026-10-04
spotify:track:1NC5LcAmP5gJcLWVl5tJvv,"Santana, Juanes",La Flaca (feat. Juanes),Pop,2013,2026-10-04
spotify:track:1rr2DJOxV0sHXeUXCAz1yf,ヨルシカ,春泥棒,,2021,2026-10-04
spotify:track:2Fko9vHfZPSwPoILWUaxJB,"Karina Van Ron, Richard Coleman",Caja de Corazon,Rock,2002,2026-10-04
spotify:track:2MtJ03cyhWZ5ImH2wIndXt,Gruff Rhys,Taro #1 + #2,,2025,2026-10-04
spotify:track:3b1IQflSLrgzYQPGFzI9cl,Juanes,Es Por Ti,Pop,2002,2026-10-04
spotify:track:3bxZhauuIU4ubctdRZwPYW,Buena Vista Social Club,Chan Chan,,1997,2026-10-04
spotify:track:3EPHagMulVWYwuefchltK6,"Penyair, dj spizike",Un Pelito y Un Tamal,Rap/Hip Hop,2024,2026-10-04
spotify:track:3lAun9V0YdTlCSIEXPvfsY,Édith Piaf,La Vie en rose,Pop,1947,2026-10-04
spotify:track:3SRvIEbimXga3blMfsBRUx,Clannad,Ní Lá na Gaoithe Lá na Scolb? - Remastered 2021,,2020,2026-10-04
spotify:track:4Hsz28zAMAHUZ5DdY6DVSX,Edoardo Vianello,Guarda come dondolo,Pop,1960,2026-10-04
spotify:track:4JAjSsZO4DX0tWYjMjppdM,Molly Sandén,Blåögd,Pop,2025,2026-10-04
spotify:track:4ns69146GVKS3AwM922kTE,The Singing Nun (Soeur Sourire),Dominique,Pop,2021,2026-10-04
spotify:track:4O94lc0TZiFr9aU24zQ9LT,Sigur Rós,Ára bátur,,2008,2026-10-04
spotify:track:4Rvhe8O90hFIExTJkdrRPM,Gipsy Kings,Hotel California (Spanish Mix),,1988,2026-10-04
spotify:track:5JetV93PpZhcHhX7utmzOr,Adriano Celentano,Prisencolinensinainciusol,Pop,1973,2026-10-04
spotify:track:5QO3UJc1gF1ummP75n2b3R,Altin Gün,Goca Dünya,Alternative,2017,2026-10-04
spotify:track:6FNdzxV9g4NaINrejBTPUi,Khruangbin,Pelota,Alternative,2020,2026-10-04
spotify:track:72kapv3rME4uCcRkIe9AQ6,Jordy,Dur Dur d'être bébé !,Electro,1992,2026-10-04
spotify:track:79cRtxW6PQWvSbKpvdPGkQ,Subsonica,Tutti I Miei Sbagli,Alternative,2000,2026-10-04
spotify:track:7M2Qx8EFzYmytCnR1IRLYu,Freedom Fry,Le Point Zéro,,2021,2026-10-04
spotify:track:1NiAMp0CzUdG6e97VYRB1a,Neutral Milk Hotel,In the Aeroplane Over the Sea,Alternative,1997,2026-10-04
spotify:track:1zS85RlXiRuTiWpDIOhICA,Passion Pit,"It's Not My Fault, I'm Happy",Alternative,2012,2026-10-04
spotify:track:27rd2bxXr8WJDF0cLWC3Kn,The Magnetic Fields,The Luckiest Guy on the Lower East Side,Alternative,1999,2026-10-04
spotify:track:2xDx7fbpTAop5UhVWOuxlg,The Cribs,We Share the Same Skies,Alternative,2009,2026-10-04
spotify:track:3BIpBrGla2UQsWBG6OEHMW,The Veils,Sit Down By The Fire,,2009,2026-10-04
spotify:track:3fVekFInIhcaEyXKtvJKeE,The Tallest Man On Earth,The Drying of the Lawns,Alternative,2010,2026-10-04
spotify:track:3Ie4Z4383kqZEQHNLprjMK,Los Campesinos!,"We Are Beautiful, We Are Doomed - Remastered",Alternative,2008,2026-10-04
spotify:track:3iyfg1RwpatVcqfMshEplN,The Horrors,Something To Remember Me By,Alternative,2017,2026-10-04
spotify:track:48XeIMbunZBc7lFcSBfpHl,Sugar,If I Can't Change Your Mind,Rock,1992,2026-10-04
spotify:track:49z8uMXflgtt6eQ3x7NRTN,Winona Fighter,You Look Like A Drunk Phoebe Bridgers,Alternative,2022,2026-10-04
spotify:track:4Eq60oypgAxlX6Kp7MFQl6,Corinne Bailey Rae,Till It Happens To You,Pop,2005,2026-10-04
spotify:track:5lHgBqh9VwAAzQma55gHRY,Pearl Jam,Elderly Woman Behind the Counter in a Small Town - Remastered,Alternative,1993,2026-10-04
spotify:track:5ReDr4dEyZKhdmk28jH92R,Hellogoodbye,The Thoughts That Give Me The Creeps,Alternative,2008,2026-10-04
spotify:track:5wCVLW9qMtIY9IkBeyYnh6,Local Natives,When Am I Gonna Lose You,Alternative,2019,2026-10-04
spotify:track:61qxP4Vs5DVX0Ic4GnBklu,Sharon Van Etten,Every Time the Sun Comes Up,Alternative,2014,2026-10-04
spotify:track:6LTl5sSRPSbiGaHaFFSgzJ,Richard & Linda Thompson,I Want To See The Bright Lights Tonight,Pop,1974,2026-10-04
spotify:track:6V1pUUikW5U2HgMxCqQqx1,Riverside,Lost (Why Should I Be Frightened by a Hat?),Pop,2015,2026-10-04
spotify:track:77Y1Weg1iEYfeEteEvvkBt,"M. Ward, Zooey Deschanel",Never Had Nobody Like You,Alternative,2008,2026-10-04
spotify:track:7D180Q77XAEP7atBLmMTgK,The Heavy,How You Like Me Now,Rock,2001,2026-10-04
spotify:track:7d1ustAIlXG7ht5Q4IOv7s,Four Tops,It's The Same Old Song,R&B,1965,2026-10-04
spotify:track:7lcCLXghOHf8xERQ9BkS3n,JD McPherson,Let The Good Times Roll,Rock,2014,2026-10-04
spotify:track:7oqI47cPSkXG8eUtvniQSa,"The Claypool Lennon Delirium, Les Claypool, Sean Ono Lennon","Blood and Rockets: Movement I, Saga of Jack Parsons - Movement II, Too the Moon",,,2026-10-04
spotify:track:7sDHD9tCtnPqGNTRHy0kSR,Crowded House,Four Seasons In One Day,Rock,1991,2026-10-04
spotify:track:7wTqEW5nrMhvyEhEyTnOMd,Conan Gray,The Cut That Always Bleeds,Pop,2019,2026-10-04
spotify:track:0y2y5zcZr0Ciei8bf41cSS,The Marcus King Band,Confessions,Rock,2018,2026-10-04
spotify:track:16VhHtoaOjTU4AJBNSBNQ1,Led Zeppelin,"Hey, Hey, What Can I Do - Remaster",Rock,1970,2026-10-04
spotify:track:1RPU4PqQM4pxL4iCK03iM9,We Are Scientists,This Scene Is Dead,Rock,2004,2026-10-04
spotify:track:1SmzAbt4g7a1FfAIwovtwq,Phosphorescent,New Birth in New England,Alternative,2018,2026-10-04
spotify:track:23Uv9xqLumDqEBNIdHhCcO,Tom Waits,I Hope That I Don't Fall In Love With You,Alternative,1973,2026-10-04
spotify:track:2hbyKayBajgNfANABSVwYy,Amanda Palmer,Oasis,Alternative,2008,2026-10-04
spotify:track:2MeYsitFbcxoNVCO31Vjmz,Leonard Cohen,Closing Time,Pop,1992,2026-10-04
spotify:track:2NdOuc56cqLlixjN5jbkcJ,Otis Redding,Champagne and Wine,R&B,1968,2026-10-04
spotify:track:2xBGFTtVHkALcFOrNa2JjT,Uncle Tupelo,Whiskey Bottle,Rock,1990,2026-10-04
spotify:track:36vmaZyO0iAE6FZ7287fg2,Olivia Dean,Dive,Pop,2023,2026-10-04
spotify:track:3DKj1ArsfOYVSh0EE34wDG,My Morning Jacket,Mahgeetah - Live,Alternative,2003,2026-10-04
spotify:track:3j38ZAHmqcjP0v6ouxGgVA,Otis Clay,Trying to Live My Life Without You,R&B,1972,2026-10-04
spotify:track:3PCcGojGjLWcGVEYuCLe0L,The Feeling,Rosé,Pop,2006,2026-10-04
spotify:track:3VTNVsTTu05dmTsVFrmGpK,"The Pogues, Kirsty MacColl",Fairytale of New York (feat. Kirsty MacColl),Pop,1987,2026-10-04
spotify:track:4IadxL6BUymXlh8RCJJu7T,Hozier,Too Sweet,,2024,2026-10-04
spotify:track:4j1OTpSF5ejqYPKwqHvlzM,Mannequin Pussy,Drunk II,Alternative,2019,2026-10-04
spotify:track:4Kc8pHLnsN1MfkFJHKEeXQ,Panic Shack,Girl Band Starter Pack,Alternative,2023,2026-10-04
spotify:track:5AlBX9NbiyYc7PXxMDkje9,John Butler Trio,Used to Get High,Alternative,2007,2026-10-04
spotify:track:5menR5pgdVgIiLG2kbCxc9,Silver Jews,Trains Across The Sea,Rock,1994,2026-10-04
spotify:track:5Yc1rQKy4uv4QJFJTPHEiu,The Replacements,Here Comes a Regular - 2008 Remaster,Pop,1985,2026-10-04
spotify:track:6gCeQ6xJs2tYdLRzCPxeTZ,Elbow,Grounds for Divorce,Alternative,2001,2026-10-04
spotify:track:6J8vRTTgZHRHhnXhUHeaKF,Born Ruffians,Cherry Wine,Alternative,2014,2026-10-04
spotify:track:6lRM8cGMfffgoLWWVrIrWa,Starsailor,Alcoholic,Pop,2001,2026-10-04
spotify:track:7CBFRsUz1pz1cS12soVhih,Guns N' Roses,Nightrain,Rock,1987,2026-10-04
spotify:track:7IG7KVhmTolIzRB7ZbiuNN,Sea Power,Waving Flags,Alternative,2007,2026-10-04
spotify:track:04BQXS1HwzNpfZ2Wvw2RIy,The Psychedelic Furs,The Ghost In You,Pop,1984,2026-10-04
spotify:track:0CURxyRPI04INtTeHCjhQL,Kyla La Grange,Vampire Smile,Folk,2012,2026-10-04
spotify:track:0gcMK99TzzgVazkOVF3D2x,The Head And The Heart,Ghosts,Alternative,2010,2026-10-04
spotify:track:0jCCTWypTeepaZSXFjk32y,The Hidden Cameras,A Miracle,Alternative,2003,2026-10-04
spotify:track:0O4SLaYDqG9rQSJV8P34jS,strongboi,magic,Electro,2024,2026-10-04
spotify:track:11iIikXxC6NP0Ma8vMD27x,Vundabar,Alien Blues,Alternative,2015,2026-10-04
spotify:track:1683Q5FUEQ4fIG2f87MAW4,Dusty Springfield,Spooky,,1970,2026-10-04
spotify:track:1kuGVB7EU95pJObxwvfwKS,Olivia Rodrigo,vampire,Pop,2023,2026-10-04
spotify:track:1ME7CDzGQgj5mAy4quOD6e,Wolfmother,White Unicorn,Rock,2004,2026-10-04
spotify:track:1qcRXVjAWYgIjGmR7u4YYJ,S.G. Goodman,I Can See the Devil,Alternative,2025,2026-10-04
spotify:track:1WC367oL0q70xpMlGuy90b,Harry Belafonte,Zombie Jamboree (Back To Back),,1990,2026-10-04
spotify:track:1x6Jy9jEbL4dnr5YeYMSOw,Procol Harum,The Devil Came From Kansas,Rock,1969,2026-10-04
spotify:track:27R1A3WZ5Zv0ywNe0Zunfr,Alice Phoebe Lou,Witches,Alternative,2020,2026-10-04
spotify:track:2e9i99onW4KfT2K0IDPd3K,AFØNK,Alien Funk,Electro,2022,2026-10-04
spotify:track:2prZVnAN9gKme8KorLYw5P,Low,Witches,Alternative,2010,2026-10-04
spotify:track:436yrzQWA32vb1sTZKXg9r,Eagles,Witchy Woman - 2013 Remaster,Rock,1972,2026-10-04
spotify:track:47QDvqfpUTIGckdCacLd8P,The Strumbellas,Spirits,Alternative,2015,2026-10-04
spotify:track:48vGlGq3DQBF4yNYPqW8L6,Wooden Shjips,Ghouls,Alternative,2013,2026-10-04
spotify:track:5bycvHLqE5WUKN4QVdWHP8,"Ruby Ibarra, Ouida, Han Han, June Millington",Bakunawa,Rap/Hip Hop,2024,2026-10-04
spotify:track:5sWF1EZGm727f3b620vkbC,Bon Iver,33 “GOD”,Alternative,2016,2026-10-04
spotify:track:5tSNVmWLBw0KWsCStJmmjM,The Silent Years,Vampires Bite the Hand Feeds Them,,,2026-10-04
spotify:track:67N51IF6a3ugYnC5FHJuXy,Phish,Ghost,Pop,1997,2026-10-04
spotify:track:6ewN9MaFbi78oDLT9wYDgn,The Specials,Ghost Town,Pop,1981,2026-10-04
spotify:track:6s3kEvE18DIURckoh0mWTZ,The Automatic,Monster,Alternative,2006,2026-10-04
spotify:track:7FsETbTxNbbwx9KUjojpVP,"RAYE, Hans Zimmer",Mother Nature,Pop,2023,2026-10-04
spotify:track:0BCPKOYdS2jbQ8iyB56Zns,Coldplay,Clocks,Rock,2002,2026-10-04
spotify:track:1CZR9j4cF4r2uuCpiMdsX5,Steely Dan,Fire In The Hole,Rock,1972,2026-10-04
spotify:track:1G1txgaUN8S3CGkMJSk4z3,Ben Kweller,Penny On The Train Track,Alternative,2006,2026-10-04
spotify:track:1MSM3Fo2fvnwVqMcz8Jhjq,Andrew McMahon in the Wilderness,Cecilia And The Satellite,Pop,2014,2026-10-04
spotify:track:1zwMYTA5nlNjZxYrvBB2pV,Adele,Someone Like You,,2010,2026-10-04
spotify:track:2Ud3deeqLAG988pfW0Kwcl,LCD Soundsystem,All My Friends,Electro,2006,2026-10-04
spotify:track:2uMbDaPM5knVhHlDXqCc2c,The Band,Chest Fever - Remastered 2000,Rock,1968,2026-10-04
spotify:track:3GppcLIGlSlvujXgR0pPRt,Dr. John,Such a Night,Pop,1973,2026-10-04
spotify:track:3VRj4d6pOSAHYRgllt3R0q,Fast Money Music,Hot Melt Glue,Alternative,2023,2026-10-04
spotify:track:41fiRrzEqGo4pTVqXYrfnz,Snarky Puppy,Sleeper,Jazz,2014,2026-10-04
spotify:track:45aBkgJ9UV2XVvWrLMOsyd,Sam Roberts Band,Detroit '67,,2011,2026-10-04
spotify:track:46NenKmsccNg7rdNyBIHyA,Low Cut Connie,Rio,Alternative,2010,2026-10-04
spotify:track:4Fb5Z7sMoFqdisaJBq7Q4u,Terraplane Sun,Get Me Golden,Rock,2012,2026-10-04
spotify:track:4w1lzcaoZ1IC2K5TwjalRP,Vanessa Carlton,A Thousand Miles,Pop,2000,2026-10-04
spotify:track:4wq2BmCpeBWdINtAdsXRkN,Five For Fighting,Slice,Pop,2009,2026-10-04
spotify:track:4Y1igB1GDncJvt7ezbV3cW,Thom Yorke,Suspirium,Electro,2018,2026-10-04
spotify:track:5mIkXCrIo2SuLH2K7cR5GR,Maggie and Terre Roche,West Virginia,Pop,1975,2026-10-04
spotify:track:5rSlEtSKiOYivDFChX3FRW,Regina Spektor,All the Rowboats,Alternative,2012,2026-10-04
spotify:track:5Z7cI9glyUTDTRtWSs8K9I,Toro y Moi,So Many Details,Electro,2012,2026-10-04
spotify:track:6kIgzGx7gH0qAKTFTF5GsU,Janelle Monáe,Only Have Eyes 42,R&B,2023,2026-10-04
spotify:track:6klFWv2xDGeTDoiKTtx4hg,Matt Maltese,Everyone Adores You (at least I do),Alternative,2021,2026-10-04
spotify:track:6V50MyHPGhEmwYu0Wdyf0t,Bruce Hornsby and the Range,The Way It Is,Pop,1986,2026-10-04
spotify:track:6WfjV745TiUcD8KdUKp241,"Emerson, Lake & Palmer","Karn Evil 9 1st Impression, Pt. 2 (2014 - Remaster)",Rock,1973,2026-10-04
spotify:track:72PoJMDfdaw9gGECgA9kTZ,Billy Preston,Nothing From Nothing,,1974,2026-10-04
spotify:track:0s711sZevaFyZ4o2InzLEs,Hard Nips,Oblivious in Babylon,,2012,2026-10-04
spotify:track:1gRK6QnBOpNtEDjYKftzTc,The Last Dinner Party,The Feminine Urge,Alternative,2022,2026-10-04
spotify:track:1LOHJtcqflBK9EQiSB6Foc,Bleached,Valley to LA,Alternative,2019,2026-10-04
spotify:track:1oA9hE3IxT8moluIvq9Uc8,The Big Moon,Your Light,Alternative,2019,2026-10-04
spotify:track:1V8nTYCrFNqjXhpctr5tcq,Au Revoir Simone,Night Majestic,Rock,2007,2026-10-04
spotify:track:26ZCR1Zd74fvBJvH1o1rbx,The Aces,Daydream,Alternative,2019,2026-10-04
spotify:track:2aQUr88HDm29RLYCCDs30B,La Luz,Strange World,Alternative,2023,2026-10-04
spotify:track:2jF0TLPYiLcsq3ZTPMEPrT,ARTEMIS,Lights Away from Home,Jazz,2022,2026-10-04
spotify:track:3BKdt77K7QpddAYZtju856,Luscious Jackson,Soothe Yourself,Rock,1996,2026-10-04
spotify:track:3BZxzGjJdXXfp4uquDlHxe,Sleater-Kinney,Can I Go On,,2019,2026-10-04
spotify:track:3JACz2Xhc5TpOItDpl5USG,The Watson Twins,How Am I To Be,Alternative,2008,2026-10-04
spotify:track:3Uyxe1fbF4zWSEwy38qgMw,The Pointer Sisters,Neutron Dance,Pop,1983,2026-10-04
spotify:track:3z5ggGtcs4t8pizW521gW9,L7,Pretend We're Dead,Rock,1992,2026-10-04
spotify:track:4e72LGraX8sW5iztJvS5fo,The Linda Lindas,Oh!,Alternative,2021,2026-10-04
spotify:track:4mjLAbsWBCuqSOqMvaPkXd,All Saints,Pure Shores,Dance,2000,2026-10-04
spotify:track:4QEsxFZRA3RnjQAPYS3UXa,"boygenius, Julien Baker, Phoebe Bridgers, Lucy Dacus",Satanist,Alternative,2023,2026-10-04
spotify:track:5hLRT5ncFkjLGSAAZPw4yl,The Liverbirds,Why Do You Hang Around Me - Remastered 2024,Rock,1965,2026-10-04
spotify:track:5jWqyJmpWHdCjF7mxCMWnR,Sunflower Bean,Watch You Walk Away,,2025,2026-10-04
spotify:track:5qOAIBSLC62Fq5QsTz7f73,The Aces,Stuck (Album Version),Alternative,2016,2026-10-04
spotify:track:6hrJCzT3uXKVudE8mapWmf,The Lovemongers,Battle of Evermore,Pop,1992,2026-10-04
spotify:track:6TWJlX1AISKOu8ySrtqFHR,L'ESPIRAL,Cassiopeia,Alternative,2024,2026-10-04
spotify:track:7cdnq45E9aP2XDStHg5vd7,The Runaways,Cherry Bomb,Rock,1976,2026-10-04
spotify:track:7KCvbMfHeYrBzK1HrZQt0N,Le Tigre,TKO,Rock,2004,2026-10-04
spotify:track:7qLc5KYxAvBPgjUkqUozVn,Wet Leg,liquidize,Alternative,2024,2026-10-04
spotify:track:0KzAbK6nItSqNh8q70tb0K,Pixies,Where Is My Mind?,Alternative,1988,2026-10-04
spotify:track:1BTKh0VchIDMrx7LviKMUf,"Galactic, Mavis Staples",Does It Really Make A Difference,R&B,2015,2026-10-04
spotify:track:1F2VIrr9oh7MwkI3NyLtHJ,"Jarryd James, Raury",Do You Remember,Pop,2015,2026-10-04
spotify:track:1H20gZPO37guwbgDEFDlFA,Peggy Lee,Is That All There Is?,Pop,1969,2026-10-04
spotify:track:1h6KiZutaBzWoWvMXB8sg0,"Harold Melvin & The Blue Notes, Teddy Pendergrass",Where Are All My Friends (feat. Teddy Pendergrass),Dance,1975,2026-10-04
spotify:track:1jvzmNw7sVTSDnprPuEi0D,Ramones,Do You Wanna Dance? - 2017 Remaster,Alternative,1977,2026-10-04
spotify:track:1lJZSsMoWEbrgaY6CxPMf8,"Eurythmics, Annie Lennox, Dave Stewart",Would I Lie to You? - Remastered Version,Pop,1985,2026-10-04
spotify:track:22folQ3QnjKJJbLio4clzr,Moby,Why Does My Heart Feel So Bad?,Dance,1999,2026-10-04
spotify:track:2DFRFqWNahKtFD112H2iEZ,The Flaming Lips,Do You Realize??,Alternative,2002,2026-10-04
spotify:track:2ElyyOi86SHyMKcUrv2f8e,R.E.M.,"What’s The Frequency, Kenneth? - Remastered 2013",Alternative,1994,2026-10-04
spotify:track:2J8ohdFrpCmzwoeiNocc3M,The Living End,Who's Gonna Save Us,Rock,2003,2026-10-04
spotify:track:2Rvpp4M6goq37AgyHLXZF0,Blossoms,How Long Will This Last?,Alternative,2017,2026-10-04
spotify:track:3H097K41pskob32JipdXzK,Monaco,What Do You Want From Me?,Pop,1996,2026-10-04
spotify:track:3NNf0Pfx7SMqK9sMUDC82F,The Honeycombs,Have I the Right,Rock,1964,2026-10-04
spotify:track:3pil7DXQmpnQcImkoF4wz1,Yebba,Where Do You Go,Pop,2019,2026-10-04
spotify:track:3rnJ7aQ54duyZ9IamRQwbl,"Protoje, Chronixx",Who Knows,Reggae,2014,2026-10-04
spotify:track:4zwq3QUKgMNk0NSLl7fpbP,SAULT,Why Why Why Why Why,Alternative,2019,2026-10-04
spotify:track:51txLjbvSBRvtxjCjAFLkM,Royal Blood,How Did We Get So Dark?,Alternative,2017,2026-10-04
spotify:track:5g0HSob4PEq7M8blV6y70i,Sam Fender,Will We Talk?,Singer & Songwriter,2019,2026-10-04
spotify:track:5YUJMvTg4AWHKjqQidTsGK,Buzzcocks,Ever Fallen in Love (With Someone You Shouldn't've?) - 1996 Remastered Version,Alternative,1978,2026-10-04
spotify:track:60okmgzrYnFh2nXfi0XxWR,Rooney,When Did Your Heart Go Missing?,,2007,2026-10-04
spotify:track:7fcmvIYWAx7pGECFzZL0JA,Squeeze,Is That Love?,Rock,1981,2026-10-04
spotify:track:7HKWrNA09Tm1VdngKC1JEi,The Sheepdogs,"How Late, How Long",Rock,2011,2026-10-04
spotify:track:7MgTipXW8eSBbTiGIEv8A5,Ted Leo and the Pharmacists,Where Have All the Rude Boys Gone,Alternative,2003,2026-10-04
spotify:track:0BEtL2dM2M0r407t1pSQyV,George Michael,Father Figure - Live,Pop,1987,2026-10-04
spotify:track:0bPHe6EuoLFlEDmP8oeRFj,Sting,"Driven To Tears - Live In Paris, 1985",Pop,1986,2026-10-04
spotify:track:0dgvPQkNyJ75mJcyfVmFkz,Dream Theater,"The Big Medley - In the Flesh? / Carry on Wayward Son / Bohemian Rhapsody / Lovin, Touchin, Squeezin / Cruise Control / Turn It on Again - Live at Ronnie Scott's Jazz Club, London, England, UK, 1/31/1995",Metal,1995,2026-10-04
spotify:track:0frHgxukk55L2LcxgXAciL,"Dexys Midnight Runners, Kevin Rowland","Come On Eileen - Live At The Shaftesbury Theatre, UK / 1982 / 2022 Remix",Pop,1982,2026-10-04
spotify:track:0Z4ABgkKUGXmVwOx7WMWJu,B.B. King,The Thrill Is Gone,Rock,1969,2026-10-04
spotify:track:1qRbIDeJnmfnglzlJI8kOK,Talking Heads,What a Day That Was - Live; Edit,Pop,1982,2026-10-04
spotify:track:1w4JVMxRQSyuUA8NkoKrFe,Simple Minds,Alive And Kicking - Live,Rock,1985,2026-10-04
spotify:track:2BcexwgQt5wEcyXahywmin,Deep Purple,Smoke on the Water - Live,Rock,1972,2026-10-04
spotify:track:2ER6YBz1LglC0L7fwFPs7c,Gordon Lightfoot,The Wreck of the Edmund Fitzgerald - Live,Pop,1976,2026-10-04
spotify:track:2FZv72gyxqvSr4AdQm6gzt,Allman Brothers Band,"Whipping Post - Live At The Fillmore East, March 1971",Pop,1969,2026-10-04
spotify:track:2kZI2OPxKczbKuojdJZ5Rb,Dire Straits,"Romeo And Juliet (Live at Hammersmith Odeon, London, UK, 1983) - 2023 Remaster",Pop,1980,2026-10-04
spotify:track:2U4gF4myhyt8tl8jMeDE3L,Metallica,One (Live - Seattle '89),Rock,2019,2026-10-04
spotify:track:2XcX4zZ9zempNWtsclJ2av,Bauhaus,"Bela Lugosi's Dead - Live at Hammersmith Palais, London",Alternative,1979,2026-10-04
spotify:track:3ERAMiW30OO27CqE8SHjX9,Dire Straits,"Sultans of Swing (Live at Hammersmith Odeon, London, UK, 1983) - 2023 Remaster",Pop,1979,2026-10-04
spotify:track:3iBSkvmuaQ2QyYO8r0m74L,"Jimmy Page, Robert Plant",Babe I'm Gonna Leave You - Live,Rock,2013,2026-10-04
spotify:track:4MeXE7YF459t1PbFTtAklF,John Mayer,"I Don't Need No Doctor - Live at the Nokia Theatre, Los Angeles, CA - December 2007",Pop,2006,2026-10-04
spotify:track:4UY0M0b2wgA21eJcms8L8Z,"Junior Wells, Buddy Guy",Help Me - Live At The Newport Folk Festival 1968,Rock,1978,2026-10-04
spotify:track:4XV9FR6vA82YRvHRYn7jPP,"The Band, Van Morrison",Caravan (feat. Van Morrison) - Concert Version,Rock,1978,2026-10-04
spotify:track:5CuhMruU7dorgS9IKxqWhY,Van Morrison,Saint Dominic's Preview - Live,Rock,1972,2026-10-04
spotify:track:5xrL24a1lSQ7ha2oLxAD8Z,"Neil Young, Crazy Horse",Down by the River - Live,Rock,1970,2026-10-04
spotify:track:6aKG9WNBjs2wZBAxdTzmTf,Sly & The Family Stone,"St. James Infirmary - Live at the Fillmore East, New York, NY [Show 2] - October 4, 1968",R&B,2015,2026-10-04
spotify:track:6sCQlBR8vvBgey8Fcr6Yo7,Robert Cray,Smoking Gun - Live,Rock,1987,2026-10-04
spotify:track:7i2wCdelxY5tPXg791Gju0,The Cure,Pictures of You - Live at Wembley 07/89 - Remix 07/09,Rock,1989,2026-10-04
spotify:track:7uYNdZA4LnxEwTsmIIUCCu,Jimi Hendrix,Power To Love - Live,,2020,2026-10-04
spotify:track:0eK5y1c7WDyWwx6k9SFjbT,"JAŸ-Z, Eminem",Renegade,Rap/Hip Hop,2001,2026-10-04
spotify:track:0zfEBDdtB0TPV64JcvF7E5,"Billy Strings, Willie Nelson",California Sober (feat. Willie Nelson),Country,2023,2026-10-04
spotify:track:1iugFsBigGHtRwvFVDG9oo,Hozier,It Will Come Back,,2014,2026-10-04
spotify:track:2gY0Ff8dmJNlCyQxDDqBEf,LP,Into the Wild,Singer & Songwriter,2012,2026-10-04
spotify:track:2KaLy2FmUAGLfNsoMXJWVj,Springtime Carnivore,Name on a Matchbook,Alternative,2014,2026-10-04
spotify:track:2ocenGErYX8L7XOFYnG0M7,Daughter of Swords,Money Hits,Alternative,2024,2026-10-04
spotify:track:2qmmnbJ9JR3f7vofbyje5r,Clairo,Slow Dance,Alternative,2024,2026-10-04
spotify:track:2VZVVL6XfYSX6PvnsWf0Hd,Hiss Golden Messenger,I Need a Teacher,Alternative,2019,2026-10-04
spotify:track:3oUphdZVPyrsprZ8FgbmQS,Aloe Blacc,I Need A Dollar,,2010,2026-10-04
spotify:track:3vqSWOEMO4OOxa2QJHuitI,Ladyhawke,My Delirium,,2008,2026-10-04
spotify:track:3x4skRSE10kW3hIpAQjtWY,Baby D,Let Me Be Your Fantasy - Original Radio Edit,Pop,1992,2026-10-04
spotify:track:42uXDKUhyAt5Exe1G5pKWJ,Brother Ali,Forest Whitiker,Rap/Hip Hop,2003,2026-10-04
spotify:track:4lfJz3pfJ8ChX2doQxIXjV,Chet Faker,I'm Into You,,2012,2026-10-04
spotify:track:61QYBPXTP6VofjdINPEzmn,Lulu,To Sir With Love - 2002 Remastered Version,Pop,1967,2026-10-04
spotify:track:66uRb1ytl0l3PHAAAjqySU,Iron & Wine,Jezebel,Alternative,2002,2026-10-04
spotify:track:6gyxAPdkCJI9lj3J1IhW5z,Sade,Love Is Stronger Than Pride,Pop,1988,2026-10-04
spotify:track:6P598fMrBAbflbqavz3wki,Igorrr,ADHD,Metal,2025,2026-10-04
spotify:track:6ryJQswzoXDmmFazg91c0c,Aphex Twin,#1,Electro,2024,2026-10-04
spotify:track:6Xk5AaN4n4SnW71473GI7A,St. Vincent,Fast Slow Disco,Alternative,2018,2026-10-04
spotify:track:6zvpLxTrTKDzdeQ9OLshpQ,Michigander,Let Down,Alternative,2020,2026-10-04
spotify:track:7buVgoz5lA424pvZsbenw4,Bay Ledges,In Water,Alternative,2022,2026-10-04
spotify:track:7FOgcfdz9Nx5V9lCNXdBYv,Chappell Roan,Red Wine Supernova,Pop,2023,2026-10-04
spotify:track:7iNjxpUUFTG3TvssgrgKwZ,Eels,Fresh Feeling,Rock,2001,2026-10-04
spotify:track:7tBZa65xUKMMan9tIMPqbi,Mayer Hawthorne,The Walk,R&B,2011,2026-10-04
spotify:track:1B8hYc78Uzh1FxK3wJ8GnP,Luna,California (All the Way),Pop,1994,2026-10-04
spotify:track:1dMzUY8BZ9aqtCckNTWFDu,Organized Konfusion,Fudge Pudge,Rap/Hip Hop,1991,2026-10-04
spotify:track:1HWBzZC9z1xGc2nA8JYibB,The Detroit Cobras,I Wanna Holler (But The Town's Too Small),,2004,2026-10-04
spotify:track:2uYMbE0sFDyujyxIzIUiqf,'Til Tuesday,Love in a Vacuum,Rock,1985,2026-10-04
spotify:track:2ygEZc7lGFvKP2uywqZAOL,Working Men's Club,Valleys,Alternative,2020,2026-10-04
spotify:track:32WDVNZXIAuu7EqncTTKjH,A Tribe Called Quest,Electric Relaxation,Rap/Hip Hop,1993,2026-10-04
spotify:track:3BJvztVnoDqRDOSlcw5v2C,Justin Nozuka,After Tonight,R&B,2007,2026-10-04
spotify:track:3hjSbdy9dfXfxl6isaAOzJ,Nick Russell,Those Who Wait,Pop,2019,2026-10-04
spotify:track:4jg52E3IlZ4IaFg8xizgDK,De La Soul,Itzsoweezee (HOT),Rap/Hip Hop,1996,2026-10-04
spotify:track:4JUDM5bvxgcr0cFNx6RIXu,Matt Pond PA,Whoa,Alternative,2016,2026-10-04
spotify:track:4jypM5wJ4fKcene3I0SqUW,Run–D.M.C.,Peter Piper,,1986,2026-10-04
spotify:track:5S6spUAa7hNeJCP48786fm,Parquet Courts,Tenderness,Alternative,2017,2026-10-04
spotify:track:5TjYqlgmGQnE8GEMfwM4e7,Driftwood,The Sun's Going Down,Pop,2013,2026-10-04
spotify:track:5WyuRWUcOOhAic0tj9Pl28,Lou Reed,Satellite of Love,Rock,1972,2026-10-04
spotify:track:6au8O1AiHihYL1bZah0KKi,James Caan,Me And My Shadow,Films/Games,1975,2026-10-04
spotify:track:6CbcdeTQKj0qTaZTt0xkdk,Ashanti,Happy,Pop,2001,2026-10-04
spotify:track:6EPP6zfVtM5GlRFe9yOc5y,Mellow Mood,Rock Me,Reggae,2003,2026-10-04
spotify:track:6ioBgySxoeQKALvAeLEmId,Madonna,Express Yourself,Pop,1989,2026-10-04
spotify:track:6lquLzGE5CRoq2htyr2QGS,Silver Jews,Random Rules,Rock,1998,2026-10-04
spotify:track:6WK9dVrRABMkUXFLNlgWFh,Depeche Mode,Enjoy the Silence,Pop,1985,2026-10-04
spotify:track:7EHYIy1gxBOumTdOShW0uF,Julieta Venegas,Tu Calor,Pop,2015,2026-10-04
spotify:track:7mb6bXx6FpyZxd37Ldz37q,Free Energy,Bang Pop,Alternative,2010,2026-10-04
spotify:track:7zHDszr8p0fS8DlJGJI2Zz,Sonic Youth,The Diamond Sea - Radio Edit,Alternative,1995,2026-10-04
spotify:track:0D7uvV8HhlvrgkF0Ih4foU,Loud Lucy,Ticking,Rock,1995,2026-10-04
spotify:track:0H6NCVOjvTyqPtT5u3IEb6,Miike Snow,Silvia,Pop,2009,2026-10-04
spotify:track:0LES32iyeEEVLGw7zd6OU7,The Hip Abduction,All I Need,Alternative,2015,2026-10-04
spotify:track:0mflMxspEfB0VbI1kyLiAv,Noah Kahan,Stick Season,Alternative,2022,2026-10-04
spotify:track:0rb0aRVkYbrwnGF2sBhGno,Susanne Sundfør,Fade Away,Pop,2014,2026-10-04
spotify:track:0w8d2hVe5Pa249OlntIZmc,Wolf Parade,Language City,Alternative,2008,2026-10-04
spotify:track:0WoOHWp82bWaFBwrox1oGA,Buddy Miles,Them Changes,Pop,1970,2026-10-04
spotify:track:1AA3ZjLo9tD2iSZAs2svyj,"Bleachers, Bruce Springsteen",Chinatown (feat. Bruce Springsteen),Pop,2020,2026-10-04
spotify:track:1LzFh1VZ0FLeUesOFEuhyl,The Waterboys,The Whole of the Moon - 2004 Remaster,Rock,1985,2026-10-04
spotify:track:2EISedV2npKMtvygkykV2r,Toots & The Maytals,Pressure Drop,Reggae,1968,2026-10-04
spotify:track:2HY0xuuAqkGAlocHJ2Plu3,The Living End,Prisoner of Society,Alternative,1997,2026-10-04
spotify:track:31jvSiXxPADtq1h652O29X,The Dutchess & The Duke,Scorpio,Alternative,2008,2026-10-04
spotify:track:3aCkU7zRK9YtA9KyoTIqnb,Gramatik,Muy Tranquilo,Electro,2010,2026-10-04
spotify:track:4UhB17vQsTP0qM9grc4ZUi,Traffic,Empty Pages - Remastered 2010,Rock,1970,2026-10-04
spotify:track:55pC7zzrE0hNV4w59xmu1F,Smoke Ring Days,Peace in My Soul,Pop,2024,2026-10-04
spotify:track:5lc9L9FeLBwlJPgEbq9uEw,Funkadelic,Can You Get To That,Soul & Funk,1971,2026-10-04
spotify:track:5MKtQtz40BsJZvqkS5FmC6,The Blue Stones,Shakin' Off The Rust,Rock,2016,2026-10-04
spotify:track:6eiYcJsjcyIinPf9vrlcbK,"Awich, A$AP Ferg, Lupe Fiasco, RZA",Wax On Wax Off,,2025,2026-10-04
spotify:track:6iXBQXYVSMSY7LsZ7lj161,The Toilet Bowl Cleaners,Poop in My Fingernails,Pop,2013,2026-10-04
spotify:track:6L6zjdrq9tk2a3orhgTSPa,"Snocaps, Waxahatchee, Allison Crutchfield",Cherry Hard Candy,Alternative,2025,2026-10-04
spotify:track:7h6vnMx6yQ82I3SP0aHg6H,People In Planes,Vampire,Alternative,2008,2026-10-04
spotify:track:7I5eQZFdlPV8LZWH2FeqaW,Q Lazzarus,Goodbye Horses - Single,Rock,1986,2026-10-04
spotify:track:7uJLdyIAaYLGT0oLw7I6b3,Them Crooked Vultures,New Fang,Alternative,2009,2026-10-04
spotify:track:085Vhkg3fjRZsNojDP6rV9,The Heliocentrics,Made of the Sun,,2017,2026-10-04
spotify:track:0eItptMqebRnw5or5XOKkp,The Polyphonic Spree,Section 12 - Hold Me Now,Alternative,2003,2026-10-04
spotify:track:0kSKEhhJY8fGlkrwajyuU8,Nick Cave & The Bad Seeds,Fifteen Feet of Pure White Snow - 2011 Remaster,Alternative,2001,2026-10-04
spotify:track:0O7lENhqOySbsL743G7PqD,Slipknot,"Vermilion, Pt. 2",Metal,2004,2026-10-04
spotify:track:0PSRhQTbM4mVvT6trCDKv3,Newen Afrobeat,Widin,Soul & Funk,2024,2026-10-04
spotify:track:10ek9SbQyIMA5hdeHZok2M,The Northern Folk,Get On,Alternative,2017,2026-10-04
spotify:track:1e74PEk5pur3ts5YmjsQ83,Tower Of Power,So Very Hard to Go - Remastered,Pop,1973,2026-10-04
spotify:track:2ffGZTdlRN0lNxA4LOYyTs,Sharon Jones & The Dap-Kings,How Long Do I Have to Wait for You?,R&B,2005,2026-10-04
spotify:track:2T3XjtAJyGW4QKtMaJ4p6O,Edward Sharpe & The Magnetic Zeros,This Life,Alternative,2013,2026-10-04
spotify:track:2WgbFkQQswVVEWnyKnFo2q,The Revivalists,All My Friends,Alternative,2018,2026-10-04
spotify:track:2YhAqgvjzU2Rw44rAqzGl6,Nathaniel Rateliff & The Night Sweats,Howling At Nothing,Rock,2015,2026-10-04
spotify:track:38ksdZOJw7lb87u56URECe,Bruce Peninsula,Or So I Dreamed,Alternative,2011,2026-10-04
spotify:track:4BVFVaa1fDo20Ud1q5Gd2N,Superorganism,Everybody Wants To Be Famous,Alternative,2017,2026-10-04
spotify:track:4dIy0f0sO4KCiUSBQ348bu,The Funk Ark,Funky DC,Soul & Funk,2011,2026-10-04
spotify:track:4rCKRVJZKVysScn2piDuOT,Superorganism,Something For Your M.I.N.D.,Alternative,2017,2026-10-04
spotify:track:53DRkI3ebM3SbSQm4gQ1vF,Tedeschi Trucks Band,Part of Me,Rock,2013,2026-10-04
spotify:track:61Tfx6zfjRe7XqJSFrXBR3,"The Chieftains, Sinéad O'Connor",The Foggy Dew (with Sinéad O'Connor),Folk,1994,2026-10-04
spotify:track:66nXdAjGXyb76XkmVL0p9n,Rare Essence,Overnight Scenario,R&B,1998,2026-10-04
spotify:track:6aWZmnIsIgwyeUIOmRGL5m,The Waterboys,Fisherman's Blues - 2006 Remaster,Rock,1987,2026-10-04
spotify:track:6gobLJ63a1TNrSrU53tSj5,I'm From Barcelona,We're from Barcelona,Pop,2005,2026-10-04
spotify:track:6X9Lx6DhxaQAeeb4UbvU6s,Fela Kuti,Jeun Ko Ku (Chop 'n Quench),,2009,2026-10-04
spotify:track:6YR2MkzMhojHBmW1TbXtZO,UB40,Here I Am (Come And Take Me),Rock,1989,2026-10-04
spotify:track:76OUhpuAQSQ2orR5TUeeRc,"Blood, Sweat & Tears",You've Made Me So Very Happy,Rock,1968,2026-10-04
spotify:track:7z9lU4WE1vBcm37LvIYEzo,World / Inferno Friendship Society,Brother Of The Mayor Of Bridgewater,Alternative,2022,2026-10-04
spotify:track:0f1yzIIGD8k32DNVeEn6jb,EPMD,You Gots To Chill,Rap/Hip Hop,1988,2026-10-04
spotify:track:0GegHVxeozw3rdjte45Bfx,Fleet Foxes,White Winter Hymnal,Alternative,2008,2026-10-04
spotify:track:0jeJR3LdrC2QJNviq7wjzp,alt-J,In Cold Blood,,2017,2026-10-04
spotify:track:16dtAqEKDXfEN8a7hoOShg,Brenda Weiler,The Weather I'm In,,2003,2026-10-04
spotify:track:1hPKSQuvfLlPeIu8xhRyTf,Trivium,Until the World Goes Cold,Rock,2015,2026-10-04
spotify:track:1kJP08Hra8FQBz5dG80k3m,Benjamin Booker,Violent Shiver,,2014,2026-10-04
spotify:track:1Q3t9fWvHUXKsMmpD2XpUu,Cage The Elephant,Cold Cold Cold,Alternative,2015,2026-10-04
spotify:track:21cbaIB8ks3dag4cqiG4zz,Hayley Williams,Ice In My OJ,Alternative,2025,2026-10-04
spotify:track:362AUUkU9YQTDvhokm1XEV,Penguin Prison,Don't Fuck With My Money,Electro,2010,2026-10-04
spotify:track:48mQSsLbBSEHLA0meNeXMW,"THAO, Thao & The Get Down Stay Down",Cool Yourself,Alternative,2009,2026-10-04
spotify:track:4TXFE9B9CR2aEqynOKFqZc,Nana Grizol,Autumn,Alternative,2020,2026-10-04
spotify:track:4VXXn86RvCxXSv61oyudo3,Aztec Camera,Walk Out to Winter,,1983,2026-10-04
spotify:track:4yXkhmQC1c7SxUOwx6MHei,Wintersleep,Amerika,Alternative,2009,2026-10-04
spotify:track:58ge6dfP91o9oXMzq3XkIS,Arctic Monkeys,505,Alternative,2007,2026-10-04
spotify:track:5i6j1RlCZzx8obk5P1Hshn,Polar Noir,If Everybody Listened,Alternative,2019,2026-10-04
spotify:track:5VBol3e1pnxK1yjsl0jppx,Quicksand,Freezing Process,Rock,1993,2026-10-04
spotify:track:5YIF6HSOtHN9HdcE5IPzMe,Tone-Loc,Funky Cold Medina,Rap/Hip Hop,1989,2026-10-04
spotify:track:6xbFp6LbOyQovtsc0xu3KN,Ratboys,Elvis is in the Freezer,Alternative,2017,2026-10-04
spotify:track:6YGREHE5JCSWpkW82QWrv0,Albert Collins,Iceman,Jazz,1991,2026-10-04
spotify:track:7068Nip1EDSxUYruxQtfXi,Palace Winter,Empire,Alternative,2018,2026-10-04
spotify:track:712RxRKh4XIm4XSldhQAYs,G. Love & Special Sauce,Cape Cod Winter Blues,Rock,2024,2026-10-04
spotify:track:7HfyP1aJUmpXFPOffL4SbP,TV On The Radio,Winter,Alternative,2014,2026-10-04
spotify:track:7LHXQ75H9np45fqXZ1yfVn,"Röyksopp, Susanne Sundfør",Ice Machine (Lost Tapes),Electro,2017,2026-10-04
spotify:track:7uhINGViZPygI2AljxO8KN,Prateek Kuhad,cold/mess,Singer & Songwriter,2020,2026-10-04
spotify:track:0JXsWn9exVbjzBGHGcdUem,Murder By Death,Lost River,Rock,2012,2026-10-04
spotify:track:0NlGoUyOJSuSHmngoibVAs,Kodaline,All I Want,Alternative,2012,2026-10-04
spotify:track:0Sq3wdy9bjXBAnkc0SO2A4,Volcano Choir,Byegone,Alternative,2013,2026-10-04
spotify:track:12je8giC2S9smUHJ81tpiL,Noah And The Whale,5 Years Time,Alternative,2007,2026-10-04
spotify:track:1scaOnahzG7o8pfwfsL784,Phoebe Bridgers,Chinese Satellite,Alternative,2020,2026-10-04
spotify:track:1Su6qse6sZjEbXn9mZ2eTj,Mother Falcon,Marigold,Alternative,2010,2026-10-04
spotify:track:28jaG0nLqlijtHGQzZqGWK,"Massive Attack, Shara Nelson",Unfinished Sympathy,Electro,1991,2026-10-04
spotify:track:2nIa17qqzWMFrkWSN2aXVc,Isaac Hayes,Walk On By - Single Edit - Remaster,R&B,1969,2026-10-04
spotify:track:2Yz2Z1ENB85nYrK3Rg2qxO,"Bonobo, Grey Reverend",First Fires,Electro,2012,2026-10-04
spotify:track:32ld9N8e1101MHfc1vNPIV,Rasputina,Transylvanian Concubine,Rock,1993,2026-10-04
spotify:track:399kHNY20PZnRp6yTXpd2b,Tindersticks,Rented Rooms,Alternative,1997,2026-10-04
spotify:track:3fhrTWF3EhEBXenjQ7w6BN,Everyone Says Hi,On The Same Side,Alternative,2024,2026-10-04
spotify:track:3KZRkM7Uv0F2oCTUHAvv0a,Bill Callahan,Jim Cain,Rock,2009,2026-10-04
spotify:track:3SPcBPzvbmWLl8NU5efx4W,Electric Light Orchestra,Telephone Line,Rock,1976,2026-10-04
spotify:track:42BinsXDTKaGnpUJ5VZy2x,Mark Knopfler,Monteleone,Rock,2009,2026-10-04
spotify:track:48AcRoXCRqFOFWWp26xz4v,Bombay Bicycle Club,Overdone,Alternative,2013,2026-10-04
spotify:track:58AWfmYbSeMywgJtXkey7Q,Ride,Vapour Trail - 2001 Remaster,Rock,1990,2026-10-04
spotify:track:5NOITvzXKvrqsRqJz5FgIJ,Johnny Burnette,You're Sixteen,,1960,2026-10-04
spotify:track:5ss8EKvZmxatWEAkbkkAsr,Silverchair,Emotion Sickness,,1999,2026-10-04
spotify:track:5XOJEIGtUSSl1AxIBLZkhp,Noga Erez,Police,Alternative,2024,2026-10-04
spotify:track:6WBQVvo4pgDqYsBPt9Ox07,"SomethingALaMode, K.Flay",5 AM,Dance,2009,2026-10-04
spotify:track:71vyz1pfzmj1MQvJYOsPlb,Tom Waits,Tom Traubert's Blues (Four Sheets To The Wind In Copenhagen),Alternative,1976,2026-10-04
spotify:track:79J2Jj2Z1WcITqR3AK0LF7,The Happy Fits,Cold Turkey,Alternative,2021,2026-10-04
spotify:track:7lgt679drRl1QMxUQTMDir,Widespread Panic,Driving Song,Rock,1988,2026-10-04
spotify:track:0EPxkMSM90FR1NrbzxSsfd,The Donkeys,Come on Virginia,Alternative,2006,2026-10-04
spotify:track:0fIDUXVyJ1JISqB4HP4D5H,The Temper Trap,Sweet Disposition,Dance,2008,2026-10-04
spotify:track:0LoMT7TGL2p2n1TFx1cNRT,Flo & Eddie,Keep It Warm,Rock,1976,2026-10-04
spotify:track:0w5Bdu51Ka25Pf3hojsKHh,Paramore,Hard Times,,2017,2026-10-04
spotify:track:127qrKbnyZCYnn158P80op,Silversun Pickups,Circadian Rhythm (Last Dance),Alternative,2015,2026-10-04
spotify:track:15pjLBdN42P2gyFefUt8DD,London Grammar,Hell to the Liars,Electro,2017,2026-10-04
spotify:track:1eyzqe2QqGZUmfcPZtrIyt,M83,Midnight City,Alternative,2010,2026-10-04
spotify:track:1GexRDFzRQpNkflfXgI2lM,Laufey,Tough Luck,Pop,2025,2026-10-04
spotify:track:1xsYj84j7hUDDnTTerGWlH,Aerosmith,Dream On,Rock,1973,2026-10-04
spotify:track:25FTMokYEbEWHEdss5JLZS,Wheatus,Teenage Dirtbag,Pop,2000,2026-10-04
spotify:track:37u1Ik9HXFlYI7Td0SxxUj,Lianne La Havas,Paper Thin - Live,R&B,2020,2026-10-04
spotify:track:3bluNnCa66Tfhix35wSehs,The Breeders,Invisible Man,Alternative,1992,2026-10-04
spotify:track:3Dhj7rzVlNsVygWlvmlC0d,Thievery Corporation,Let The Chalice Blaze,Electro,2012,2026-10-04
spotify:track:3GSYWQNnSdovwC2H8HpziA,A Fine Frenzy,Almost Lover,Pop,2007,2026-10-04
spotify:track:3Q4TPvuyJX9Tt7X9nqpNFw,Dashboard Confessional,Screaming Infidelities - MTV Unplugged,Alternative,2000,2026-10-04
spotify:track:3u1bKblfqeghD3grk3Le2w,Stick Figure,In This Love,Pop,2015,2026-10-04
spotify:track:4bn5MlcS4UYguDC0ltKmgJ,Chris Isaak,Don’t Break My Heart,Rock,2015,2026-10-04
spotify:track:5EpP1lwkAnOAKbfAHUNJkI,Paolo Nutini,Iron Sky,,2014,2026-10-04
spotify:track:5Q0Nhxo0l2bP3pNjpGJwV1,Miley Cyrus,Party In The U.S.A.,Pop,2009,2026-10-04
spotify:track:69j0KoPJuwpnbGWrfn7Yll,"Kid Rock, Sheryl Crow",Picture (feat. Sheryl Crow),Pop,2001,2026-10-04
spotify:track:6gUvpGQR1ZS5PgqbmPaVAv,Leyla Ebrahimi,planet you forgot me,Alternative,2025,2026-10-04
spotify:track:6GXtjEpfXTFECdmGChpkUi,Dirty Heads,Vacation,Alternative,2017,2026-10-04
spotify:track:6HZ9VeI5IRFCNQLXhpF4bq,"Icona Pop, Charli xcx",I Love It (feat. Charli XCX),Electro,2012,2026-10-04
spotify:track:090DI1epzEBxcc4Nv4XWqG,Brett Dennen,This Is Going To Be The Year,Pop,2021,2026-10-04
spotify:track:0H1wDrRjC8VBO0mQNwQM9l,"Taj Mahal, Keb' Mo', Ruby Amanfu",Room On The Porch [Feat. Ruby Amanfu],Rock,2025,2026-10-04
spotify:track:0zo5H2QWXCkarmPSK2KJvH,Two Door Cinema Club,Something Good Can Work,Electro,2008,2026-10-04
spotify:track:1aaoIHFT9UqhlaEwLAhh00,Arrested Development,Tennessee,Rap/Hip Hop,1992,2026-10-04
spotify:track:1C5qw62Ff2Np3bkTcyqHsX,Carina Round,You and Me,Rock,2012,2026-10-04
spotify:track:1HMQmOWrkieKYWlFsjUP3D,The Paper Kites,Bloom - Bonus Track,Alternative,2010,2026-10-04
spotify:track:2gZBIM1qpCq5XlO0X3tjIs,STONE,Money (Hope Ain’t Gone),Alternative,2022,2026-10-04
spotify:track:2zhB7YkUoSSNR1JpsbxOLj,The Ghost Is Dancing,Shuttles and Planes,,2007,2026-10-04
spotify:track:33nMriA6j2FZbqrv2os1Rc,The Wood Brothers,One More Day,Country,2005,2026-10-04
spotify:track:3CIvt8YmxXMUE5mCOQ7Cz9,Laura Marling,False Hope,Alternative,2014,2026-10-04
spotify:track:3FMHNZubClvP6HKN9IeSi9,Jimi Goodwin,The Ghost of the Empties,Alternative,2014,2026-10-04
spotify:track:3VimgvTk8KTvbPoxA1xdKQ,Magnet,The Day We Left Town,Alternative,2002,2026-10-04
spotify:track:3zf2eLN9Yf8ayZO5cn4Xh5,The The,This Is the Day,Pop,1983,2026-10-04
spotify:track:4G21jWo0Cm6lOIUNnZ2mUI,The Postal Service,Such Great Heights - Remastered,Alternative,2003,2026-10-04
spotify:track:4hObp5bmIJ3PP3cKA9K9GY,Bobby McFerrin,Don't Worry Be Happy,,1988,2026-10-04
spotify:track:53u6y6OFRxeoucQNw1727o,Chronixx,Ain't No Giving In,Reggae,2012,2026-10-04
spotify:track:5sY2beqWPiCRmTyjEkRPPZ,Tom Petty,To Find A Friend,Pop,1994,2026-10-04
spotify:track:60JI0WkwFt0zqnJw8KzNoE,The Kinks,Better Things,Rock,1981,2026-10-04
spotify:track:6lcbTUnL7SLFeCZoswkXC1,Nick Cave & The Bad Seeds,Joy,Alternative,2024,2026-10-04
spotify:track:6SpS6MiZ9M662KDezJZ8Yw,The Bouncing Souls,Better Things,Rock,2006,2026-10-04
spotify:track:6vNPHYiuV0tfOFQF8b4wrQ,Yo La Tengo,A Shy Dog,Alternative,1987,2026-10-04
spotify:track:71V89tJj9CboDyzncO6ZN2,Paris Hilton,Stars Are Blind,Pop,2006,2026-10-04
spotify:track:7qBjm1X2zPcCZ3vpSMj7YO,"Melanie, The Edwin Hawkins Singers",Lay Down (Candles In the Rain) (with The Edwin Hawkins Singers),Pop,1970,2026-10-04
spotify:track:7t4XmOfMlf4gY9scLqFN8m,Old 97's,Where The Road Goes,Rock,2023,2026-10-04
spotify:track:0ZDwhNFZnPx9EIPCcwGUHC,"Bakar, Summer Walker",Hell N Back (feat. Summer Walker),Alternative,2019,2026-10-04
spotify:track:14M0JWFCnsKNGSvzDn0j6q,"Judas Priest, Ozzy Osbourne",War Pigs - Charity Version,Rock,2025,2026-10-04
spotify:track:1vLH58T2L3uHryV2JAT8rk,Johnny Flynn,The Wrote & The Writ,Folk,2007,2026-10-04
spotify:track:1wi4ti9BYUbwoGJ1EBUVtv,Kate Nash,Foundations,Pop,2007,2026-10-04
spotify:track:2gWY1fvwvKPQFFoahY4p3v,Rachel Chinouriri,Never Need Me,Alternative,2023,2026-10-04
spotify:track:2KtRbxfn4BjegQCqLeCocu,World Party,Is It Like Today?,Rock,1993,2026-10-04
spotify:track:2LuJkoxMlLQshNTVa8oCXW,The Zutons,Valerie,Alternative,2005,2026-10-04
spotify:track:2P7SSaE99q5MNjVm0Lz7bS,Jade Bird,Lottery,Alternative,2017,2026-10-04
spotify:track:2QeEMoghUCBvIr1dQZ9hQX,Shefu,Do you want my number?,Alternative,2024,2026-10-04
spotify:track:2XbqxKjCnE9YWfPRqwgtPq,The Joy Formidable,Whirring,Alternative,2008,2026-10-04
spotify:track:3BkqtNhszT24bsI6DjPwKq,~ronzoni~,Luxx,Rap/Hip Hop,2021,2026-10-04
spotify:track:4JjlNxr4xLE3zsPvP2hkWI,Foals,After Glow,Alternative,2010,2026-10-04
spotify:track:4kiMvD7yPec5viFrCQDiYK,The Fratellis,Henrietta,,2006,2026-10-04
spotify:track:4rLt83tbYPa32G2ZQhz6Hl,New Musik,Straight Lines,Pop,1979,2026-10-04
spotify:track:4TQJGu7KoqOFvjvopA8fx2,We Were Promised Jetpacks,Quiet Little Voices,Rock,2007,2026-10-04
spotify:track:5KwAx6BMLgYtVTVHGPAw9k,Ned's Atomic Dustbin,Happy,Alternative,1991,2026-10-04
spotify:track:5TDwpzjA0GehLzmZoGK5rK,Badly Drawn Boy,Another Devil Dies,Alternative,2004,2026-10-04
spotify:track:6Dtw8ibodut8K0xLCfubjd,Delays,Long Time Coming,Alternative,2003,2026-10-04
spotify:track:6ebxt3Iylxe0GcEuUGlIvb,The Coral,Dreaming of You,Alternative,2002,2026-10-04
spotify:track:6lsumzVFKP9SnfKcuGwqVp,Morcheeba,Rome Wasn't Built in a Day,Pop,2000,2026-10-04
spotify:track:6vcMLDXzAHtw4fg2mI6veW,Skye Newman,FU & UF,Pop,2025,2026-10-04
spotify:track:6vs1qlgpM4ch0wqz9gPymX,Super Furry Animals,Juxtapozed with U (2021 - Remaster),Rock,2021,2026-10-04
spotify:track:7fLTytvnvxy653VWxflTRf,Faces,Stay with Me,Rock,1971,2026-10-04
spotify:track:7x8pIrhMu9FCmqqHNyuH0P,FKA twigs,cellophane,Electro,2019,2026-10-04
spotify:track:0i0Jtv2tFbtH2EanXagtKW,Deerhunter,Sleepwalking,Alternative,2013,2026-10-04
spotify:track:0N7uBJVtUegyKXKegKgjHX,Absofacto,Someone Else’s Dream,Alternative,2020,2026-10-04
spotify:track:0PRSdWTTNxfSMNwM5Cme1x,elricfd,sleep,Alternative,2023,2026-10-04
spotify:track:0taaniMZ1NpdFz0XDzINn8,Blitzen Trapper,Sleepytime in the Western World,Alternative,2008,2026-10-04
spotify:track:0yK8sWD6cfrc7pGfaPIcZH,Santo & Johnny,Sleep Walk,Rock,1959,2026-10-04
spotify:track:12nBBiCQQOCsXrkLyyNfKk,"Molly Tuttle, Molly Tuttle & Golden Highway",Alice in the Bluegrass,Singer & Songwriter,2023,2026-10-04
spotify:track:183l4Fj64wXi13iGVL9iKb,Melissa Etheridge,You Can Sleep While I Drive,Rock,1989,2026-10-04
spotify:track:190IqlryWu91WBKeDgZqZz,The Marías,Only in My Dreams,Alternative,2017,2026-10-04
spotify:track:1HedOtsaJGAztSgkM4cIgf,"Sting, Edin Karamazov",Come Heavy Sleep,Classical,2006,2026-10-04
spotify:track:1Nyl6nZybacEUy0mipgG4u,The Electric Soft Parade,Sleep Alone,Alternative,2002,2026-10-04
spotify:track:2BZfNi8kEhMY4jVkCRe2IM,Savoir Adore,Dreamers,Alternative,2012,2026-10-04
spotify:track:2cZtQ9cbq6m5j31nz2Fjzj,Eddie Vedder,Dream A Little Dream,,2011,2026-10-04
spotify:track:3pwTc1VuyBD5pPRzfiFyzt,Sugar,Man on the Moon,Rock,1992,2026-10-04
spotify:track:4EzVsSkEdO7JJRe80MxtQk,Egg,sorry haha i fell asleep,Singer & Songwriter,2019,2026-10-04
spotify:track:4U7ua5OwulSCwiBCiaDIeE,Sweet Apple,Troubled Sleep,Alternative,2014,2026-10-04
spotify:track:5szl1EdOw3CuvItkpGuDHk,The Wallflowers,Sleepwalker,Rock,2000,2026-10-04
spotify:track:64v7AaXu9qmbefvFwOtbvm,Nightwish,Sleeping Sun,Metal,1999,2026-10-04
spotify:track:6GGe7rYczn5XgWCFx2jstf,The Moondoggies,Bogachiel Rain Blues,Alternative,2008,2026-10-04
spotify:track:6OSyCAmXT4Gkd3OQ2aPOaF,Queensrÿche,Silent Lucidity - Remastered 2003,Rock,1990,2026-10-04
spotify:track:6TcxxINfeaBEQ35sHMldTD,Alvvays,Dreams Tonite,,2017,2026-10-04
spotify:track:7HDQqox0O0fTE7elQu4XxS,Bobby Lewis,Tossin' and Turnin' - Stereo Version,Rock,1961,2026-10-04
spotify:track:7LMJkxUIrA8JYwlBNNBOZ3,Soul Coughing,Lazybones,Pop,1994,2026-10-04
spotify:track:7LZgdL0MxiElfaKZbuuE4l,The Smiths,Asleep - 2011 Remaster,Alternative,1985,2026-10-04
spotify:track:7pdhrsrjt0gNv2WHMyzva5,Talking Heads,Dream Operator - 2005 Remaster,Films/Games,1986,2026-10-04
spotify:track:01WnKRbZWhZaiF5YfOVJoz,Wunderhorse,Purple,Alternative,2022,2026-10-04
spotify:track:1kiw6IXeTauPy3L964yxoZ,NewDad,Angel,Alternative,2023,2026-10-04
spotify:track:1NA1qHVs6BUYR35orVpmCh,Thunder Jackson,Heart Attack,Alternative,2025,2026-10-04
spotify:track:1Owph2TWYS7sZvRxXUb1Lu,Annie DiRusso,Coming Soon,Alternative,2021,2026-10-04
spotify:track:1qbmS6ep2hbBRaEZFpn7BX,Olivia Dean,Man I Need,Pop,2025,2026-10-04
spotify:track:1qoqz2LrkRl2A24OSdp6wI,Snarls,Walk in the Woods,Alternative,2019,2026-10-04
spotify:track:2sKjOX72UX1HiCDhI2HdlR,"Loaded Honey, Lydia Kitto, J Lloyd",Don't Speak,Alternative,2025,2026-10-04
spotify:track:34VDj911PQh8B1BXYoOMLq,Thee Sacred Souls,Running Away,R&B,2023,2026-10-04
spotify:track:3p84R45PM75ngq8XRoe45o,The Last Dinner Party,Nothing Matters,Alternative,2022,2026-10-04
spotify:track:3zzq99G2UKIsVOaNg3jeZ7,Tyler Ballgame,Help Me Out,Alternative,2024,2026-10-04
spotify:track:4kfDvmgGQZdY0Bn1BocwId,Rett Madison,Skydiving,Alternative,2023,2026-10-04
spotify:track:4UewdamYCjn4PfaljS4RAn,Aliyah's Interlude,Kryptonite,Dance,2025,2026-10-04
spotify:track:4UjDfVXhumR6gOq9k2eOrN,Tom Webber,This Time,Pop,2023,2026-10-04
spotify:track:4WjxtORnwPavm5PDsAWJEc,Lizzy McAlpine,doomsday,Alternative,2021,2026-10-04
spotify:track:4yc69QtlnLzjcYSMPOtrEo,beabadoobee,Last Day On Earth,Alternative,2021,2026-10-04
spotify:track:4ZKS8zDG5O77k2nC3eUjAX,Liam St. John,Sweet Like,Rock,2025,2026-10-04
spotify:track:5sfQD4tPvfill4tFjWBM39,Umbilicus,Traveler,Rock,2022,2026-10-04
spotify:track:5uGZtSYorCUAqw03hzwvTn,Petey USA,DON'T TELL THE BOYS,Rock,2020,2026-10-04
spotify:track:5UW4tA4j23YL6kDfRw3rWT,Wet Leg,mangetout,Alternative,2024,2026-10-04
spotify:track:5yyUPpQq3v28eMUuUb9wvK,Original Koffee,x10,,2022,2026-10-04
spotify:track:6VXIZWHmdOTHIFhsSkYFgQ,CMAT,When A Good Man Cries,Alternative,2025,2026-10-04
spotify:track:7jdfb6hE0IqACOuTzK74Pe,Surf Hat,Broken Record,Rock,2025,2026-10-04
spotify:track:7M6sEMRxuE7CHBJAIfSXGk,SION,The Blade,Metal,2021,2026-10-04
spotify:track:7qOBKhD1a54OvLvVee2tGf,Geese,Cobra,Alternative,2025,2026-10-04
spotify:track:00xDcOBS1NwrxZlh3XfVr6,"Greg Howe, Victor Wooten, Dennis Chambers",Extraction,Jazz,2003,2026-10-04
spotify:track:0bM9c5A7CterSOEssmWqAa,Megadeth,Holy Wars...The Punishment Due,Rock,1990,2026-10-04
spotify:track:0LN5gIsS5tQSmRzQrHSaTR,The Who,Eminence Front,Rock,1982,2026-10-04
spotify:track:0Nn4RrvVfwSSLDvkhdRc1n,Gang Of Four,Damaged Goods,Alternative,1978,2026-10-04
spotify:track:18URo35acNKRTHfEdjTcGn,Def Leppard,Photograph,Rock,1983,2026-10-04
spotify:track:325rt5t0NLXVh6i53mVdKu,Ani DiFranco,Gravel - 2023 Remaster,Alternative,1996,2026-10-04
spotify:track:3a9urnht8HvfFzPwd0ipx6,Killswitch Engage,Holy Diver,Metal,2006,2026-10-04
spotify:track:3BR01wZsCALix7hnhZltGs,The Black Keys,Little Black Submarines - 2021 Remaster,Alternative,2011,2026-10-04
spotify:track:3ZWnDoJGBgFErNgccN9gMj,Ten Years After,I'm Going Home - Live at Woodstock,Rock,1968,2026-10-04
spotify:track:3ZXFmCxbxQ0GEdzsoev4VE,Kathleen Edwards,Need A Ride,Singer & Songwriter,2025,2026-10-04
spotify:track:4kBsYpQBUbSIQNLTDF7es2,Metallica,Fade To Black (Remastered),Rock,1985,2026-10-04
spotify:track:4KfSdst7rW39C0sfhArdrz,Heart,Barracuda,Rock,1977,2026-10-04
spotify:track:4KspXoCVJXGY1VrvEe1Hdm,The Libertines,Don't Look Back into the Sun,Alternative,2003,2026-10-04
spotify:track:4TwFXylgQheM8AUgY00G7C,Hermanos Gutiérrez,Low Sun,,2024,2026-10-04
spotify:track:4TXHJBBJKL3RoSkqhGR8hW,J. Roddy Walston & The Business,Same Days,Alternative,2013,2026-10-04
spotify:track:5kRGLbl5wemYO1zFPjyJcz,Television,1880 Or So,Rock,1992,2026-10-04
spotify:track:64OseFgsj3X8no0uuZsxYo,Screaming Females,Doom 84,Alternative,2011,2026-10-04
spotify:track:6EF0xhfKtQNqUPz2mnE5BD,Mastodon,The Motherload,Metal,2014,2026-10-04
spotify:track:6fbfURezK2NZW2LWfJucsF,Hurricane #1,Step into My World,,1997,2026-10-04
spotify:track:6JFKQyP3ehFvrz7TuG1Ref,The Stands,Do It Like You Like,Rock,2005,2026-10-04
spotify:track:6wG8ggyU9HuFlG3TCqwwHJ,David Rawlings,Cumberland Gap,Folk,2017,2026-10-04
spotify:track:7cIIr1uLfnkV7tBSTUBKKd,Dinosaur Jr.,Start Choppin',Alternative,1992,2026-10-04
spotify:track:7FgjfoVQ6Wn1Nm53N5Upn8,J.J. Cale,Crazy Mama,Rock,1971,2026-10-04
spotify:track:7wHFwwpg9sOEh5fcrI69eP,Gary Clark Jr.,When My Train Pulls In - Solo Acoustic; Live,Alternative,2002,2026-10-04
spotify:track:0FkFTZOJ5Dt4RG4gAWB74z,10cc,Art For Art's Sake,Pop,1975,2026-10-04
spotify:track:0iA3xXSkSCiJywKyo1UKjQ,Kingsmen,Louie Louie,Alternative,1963,2026-10-04
spotify:track:0zqmyB1prgGGiOS10sjH8A,Generationals,"When They Fight, They Fight",Pop,2009,2026-10-04
spotify:track:1ayf2uIxpwD6wWcViTTQEO,The Paul Butterfield Blues Band,"Mary, Mary",R&B,1972,2026-10-04
spotify:track:1BLXxFPDL2BT37nHKD7KrA,Miriam Makeba,Pata Pata - Stereo Version,African Music,1967,2026-10-04
spotify:track:1vQUA54snqF8dNZsuxVPTo,"Deltron 3030, Del The Funky Homosapien, Dan The Automator, Kid Koala",Upgrade (A Baymar College College),Electro,2008,2026-10-04
spotify:track:2bku1YWarHpKlxVC2FB9dH,Black Sabbath,Sabbath Bloody Sabbath - 2014 Remaster,,1973,2026-10-04
spotify:track:2bMbJAmzlieRzChjjx4Jtp,Misfits,"Die, Die My Darling",Rock,1983,2026-10-04
spotify:track:2kfapcfmpSwuAc1PKTZURn,Gregory and the Hawk,Stone Wall Stone Fence,Folk,2007,2026-10-04
spotify:track:2Mr1bGI2E10K7Mt1UJZ6Mw,John Lee Hooker,Boom Boom,Rock,1962,2026-10-04
spotify:track:2NwwdNPSlvoRBqomWa4S2N,Curtis Harding,On And On,R&B,2017,2026-10-04
spotify:track:2PNYqz5eQ7kPVvgF0jHk7x,Gomez,Just As Lost As You,,2011,2026-10-04
spotify:track:3CmRWiI6G11QnjjYiFzM0Y,Debbie Harry,Rush Rush,Pop,1983,2026-10-04
spotify:track:3oiVJNFAQQ77Yp3rXWGsVp,Bill Withers,"Lonely Town, Lonely Street",Pop,1972,2026-10-04
spotify:track:4BKlAqMNx0YMFTuU39aKb3,The Hives,Enough Is Enough,Rock,2025,2026-10-04
spotify:track:4M29kzWpfBPLKInyPIsOEP,The Hollies,"Stop, Stop, Stop",Rock,1966,2026-10-04
spotify:track:4VOsD6vWCLt7cBVOFBGS0S,Ash,Burn Baby Burn,Pop,2001,2026-10-04
spotify:track:5bSpsKGoGKXOOfg7F3ZtKz,Blackfoot,"Train, Train",Rock,1979,2026-10-04
spotify:track:5DmS1bmi5Rg6iaY5K8eg07,Magnapop,"Slowly, Slowly",Alternative,1994,2026-10-04
spotify:track:5ewJyEsxHmhXUAD5cSC1eB,Stef Chura,Sweet Sweet Midnight,Alternative,2018,2026-10-04
spotify:track:5wvXRA4bGvWYUdmX6ZB05H,The Heavy Heavy,Miles And Miles,,2020,2026-10-04
spotify:track:5XPwkZ7vNxeidpNLAkwtFp,Mel Carter,"Hold Me, Thrill Me, Kiss Me",Pop,1965,2026-10-04
spotify:track:6FyokYpQp8qm3WVPLDIRJP,Okkervil River,Down Down The Deep River,Alternative,2013,2026-10-04
spotify:track:7sZa3zvNoLZI76DNhxCbeD,Dexys Midnight Runners,There There My Dear - 2000 Remaster,Rock,1980,2026-10-04
spotify:track:0NCcbiW3kiasTzgg3CiBrf,Best Coast,The Only Place,Alternative,2011,2026-10-04
spotify:track:0tpaVCA6VnQOUAI0EpFZpk,Say She She,Prism,R&B,2021,2026-10-04
spotify:track:1CHL6sjDwpivvA4LE0lsww,Wavves,King of the Beach,Alternative,2010,2026-10-04
spotify:track:1lkg3TciJpEjAgwEvqPQMu,Arthur Satàn,Summer,Alternative,2021,2026-10-04
spotify:track:1UqL3ktYFpPpOs4toxJTw7,Phantom Planet,One Ray of Sunlight,Rock,2001,2026-10-04
spotify:track:1w8gsT5RBrFfTrLYhDRJIk,Weezer,Surf Wax America,Rock,1994,2026-10-04
spotify:track:1zoQeNvtQRMm1LqCWlG9S5,Finley Quaye,Sunday Shining,Pop,1996,2026-10-04
spotify:track:29L8s6FnhsZBQ9DdMsSLkh,"R.I.B., Seven24, Alexander Gecko",Sunset - Radio Mix,,,2026-10-04
spotify:track:2akjLHnHjDGsgqxuf48VYs,Metronomy,The Bay,Electro,2011,2026-10-04
spotify:track:2BWuYpaqwipELjFdTlui9P,Darlingside,Ocean Bed,Folk,2020,2026-10-04
spotify:track:2QSrwZ7iVknZgkfi4aD6cn,Geowulf,Saltwater,Alternative,2016,2026-10-04
spotify:track:2tpTRRc6XFZcwdZlc3hf02,Washed Out,It All Feels Right,Alternative,2013,2026-10-04
spotify:track:2zQl59dZMzwhrmeSBEgiXY,Herbie Hancock,Watermelon Man,Jazz,1962,2026-10-04
spotify:track:4fjLgcsrqS9nhdEU1q9P37,Stephen Marley,Cool As The Breeze,Reggae,2023,2026-10-04
spotify:track:4K19C0CaVA9QtjGEYW7ehK,Cayucas,California Girl,Alternative,2020,2026-10-04
spotify:track:4o2UvAGJvymAvT6TYDQrQg,"Slightly Stoopid, Angela Hunte",One Bright Day (feat. Angela Hunte),Alternative,2015,2026-10-04
spotify:track:4OLRw2NSxCyNkfCs8Uwvwg,Bob Welch,Ebony Eyes,Rock,1977,2026-10-04
spotify:track:5BmagRD7Thki6O1zZwbxBy,The Ataris,The Boys of Summer,Rock,2002,2026-10-04
spotify:track:5rpLFruFE3MabJKW7VJUoR,"Patsy Cline, The Jordanaires",Love Letters In The Sand - Single Version,,1964,2026-10-04
spotify:track:68qTWgabevPj41WbvHtKwY,Van Halen,Summer Nights,Rock,1986,2026-10-04
spotify:track:6AQxYQ1HGG1DsSCeYquJo6,Fortunate Youth,Tell Me,Reggae,2025,2026-10-04
spotify:track:7AZUA9MVVF1715JSvccDGg,The Growlers,Beach Rats,Alternative,2012,2026-10-04
spotify:track:7K1QvbTr4KqK8Np5SpFC6S,Ziggy Marley,Beach in Hawaii,Dance,2006,2026-10-04
spotify:track:7MfNoHB8JRNbSQ8P3eAfMQ,Circa Waves,T-Shirt Weather,Alternative,2014,2026-10-04
spotify:track:0ju1jP0cSPJ8tmojYBEI89,Loggins & Messina,Danny's Song,Rock,1971,2026-10-04
spotify:track:0otlwsD3mSogk7VJCTp6Kg,Pete Townshend,Let My Love Open The Door,Rock,1980,2026-10-04
spotify:track:0s1MKOL7KJe5K9Uacg5vLI,Gregory Isaacs,Love Overdue,Reggae,1997,2026-10-04
spotify:track:0WnUB48NWIl4R96uGuF2XQ,The Lonely Island,Jizz In My Pants,Films/Games,2008,2026-10-04
spotify:track:0Yfpc5zHc9pElVCQ1bPlF4,Pantera,This Love,Rock,1992,2026-10-04
spotify:track:12pdXFcruNcPUbZypKUDgz,Cold War Kids,Love Is Mystical,Alternative,2017,2026-10-04
spotify:track:16XXyGFh2hRGwCXA1bp5kL,The Thrills,Not For All The Love In The World,Rock,2004,2026-10-04
spotify:track:1pp1KExAp7AUHmc3lvNcuN,Gary Louris,Redefining Love,Rock,2024,2026-10-04
spotify:track:2ijit5crURH5jhIc4YoKgA,The Magic Numbers,Love Me Like You,Rock,2005,2026-10-04
spotify:track:2TeLIzFBe3hxkPR5FIQZut,Sam Smith,Like I Can,Pop,2013,2026-10-04
spotify:track:3CS3n0jp5PWtLWWanWfDKo,Sheer Mag,Just Can't Get Enough,Rock,2017,2026-10-04
spotify:track:3qhTNkE1LjyRETXOA5ZvSF,Fruit Bats,A Lingering Love,Alternative,2019,2026-10-04
spotify:track:3uKhV3k4ywsQr5PRE5GEoa,Lava La Rue,Vest & Boxers,Alternative,2021,2026-10-04
spotify:track:3vxvz0JoRDvnx2jG9oPljA,The Marías,Love You Anyway,Alternative,2024,2026-10-04
spotify:track:3wysrpdDkxzJj09vuHstIV,Small Faces,Afterglow of Your Love,Rock,1968,2026-10-04
spotify:track:401qSkk4KOeBVld2aiCAoK,Chance Peña,Lovers to Strangers,Alternative,2023,2026-10-04
spotify:track:41Ete3rIvRvpnGjMpILr1r,Guster,Do You Love Me,Alternative,2010,2026-10-04
spotify:track:4TboAbE2pCUUB0fk6Q9rUU,Common,I Used to Love H.E.R.,Rap/Hip Hop,1994,2026-10-04
spotify:track:5fJoooB05wToWk1SOf79Q7,Vetiver,More Of This,,2009,2026-10-04
spotify:track:61Em1785r2v4nxhYnFzB9W,Madrugada,Hands Up - I Love You,Pop,2000,2026-10-04
spotify:track:6fGZAk8pyUwKw7E1Eoepkz,Black Pumas,Ain't No Love In The Heart of The City,,2020,2026-10-04
spotify:track:6M7bvsOK9PnJdXPl8a9zYq,The Lone Bellow,I Did It For Love,Country,2025,2026-10-04
spotify:track:7I5YEoBfBLJnMfZCouNFCb,Ezra Furman,Love You So Bad,Alternative,2017,2026-10-04
spotify:track:7KskdrOgLeW2Ble2s1pYFI,Haircut 100,Love Plus One,Pop,1982,2026-10-04
spotify:track:07Xf5gkMeOsCJI8u9saKmE,Dorrough Music,Ice Cream Paint Job,Rap/Hip Hop,2022,2026-10-04
spotify:track:0FdDewrvAF7LCd5Vf2FjgR,How To Destroy Angels,Ice age,Electro,2012,2026-10-04
spotify:track:0j53gdX1rOvzxe9D1ZCauo,Aesop Rock,Ice Sold Here,Rap/Hip Hop,2024,2026-10-04
spotify:track:19vif5x0vGqHgc3GEirUqN,Jesse Welles,Join Ice,Folk,2025,2026-10-04
spotify:track:1Gjk9xVoLX2c5xFSBow3ut,"Dropkick Murphys, Haywire 617",Citizen I.C.E.,Rock,2026,2026-10-04
spotify:track:2CFzbBUsmaOWqXtTwa5pOk,Mojave 3,Breaking the Ice,Alternative,2005,2026-10-04
spotify:track:2CS6VF70zr8j0lrSGNdXlu,"Raekwon, Ghostface Killah, Cappadonna",Ice Water (feat. Ghostface Killah & Cappadonna),Rap/Hip Hop,1994,2026-10-04
spotify:track:2dV5SUrhYImwjPdBJh9YrP,The Finn Brothers,Disembodied Voices,Rock,2004,2026-10-04
spotify:track:2sJHJITMt2SYuim7KvK8yG,Inhaler,Ice Cream Sundae,Alternative,2019,2026-10-04
spotify:track:2XzAcJx3qBDnS1hD2vNwbh,Wallows,Ice Cold Pool,Alternative,2018,2026-10-04
spotify:track:3IT7md2GPWzVo9FvK8Qn0y,Iceage,The Lord's Favorite,Alternative,2014,2026-10-04
spotify:track:3s2MZsEfiMe7ZjiRtun6wv,Mogwai,Take Me Somewhere Nice,Alternative,2001,2026-10-04
spotify:track:3wpClG4Z4IqFU9u4O7DNdL,"Royal Flush, N.O.R.E.",Iced Down Medallions,Rap/Hip Hop,1997,2026-10-04
spotify:track:46ywwjXiSMwkQb2VP78Uqi,The Vanns,Accomplice,Alternative,2025,2026-10-04
spotify:track:4VBd6Yc6CfWw616hQYxeu2,Jethro Tull,Skating Away (On the Thin Ice of the New Day),Rock,1974,2026-10-04
spotify:track:4zESY84HXCBY4HC2GYsURs,Nada Surf,Ice On The Wing,,2008,2026-10-04
spotify:track:54uoj9Bb6k97wSQ9MezOYU,Buffalo Traffic Jam,Fool's Gold,Country,2025,2026-10-04
spotify:track:57H5etvpFuIrxAFbB6LLWf,The Wombats,Ice Cream,Alternative,2017,2026-10-04
spotify:track:66U7274Oapr417BNqeQLoS,Ugly (UK),Icy Windy Sky,Alternative,2024,2026-10-04
spotify:track:67ncYmW29pNJJY2yXuLPwT,Ice Cube,You Know How We Do It,Rap/Hip Hop,1993,2026-10-04
spotify:track:6aO4hIrWMQR6H9VkRvy8pW,ISIS,Backlit (Remastered),Rock,2004,2026-10-04
spotify:track:6VviBejIyj2bAK4557pVDh,Sleeper,Nice Guy Eddie,Pop,1996,2026-10-04
spotify:track:78i6AUQv9Hp1BAQY6VCaCP,The Felice Brothers,Frankie's Gun!,Folk,2007,2026-10-04
spotify:track:7db86FvWNptUWJIFwvjiCG,CMAT,Iceberg,Alternative,2025,2026-10-04
spotify:track:00OguRNWLi6uPAROsZgNzT,Johnny Marr,Easy Money,Alternative,2014,2026-10-04
spotify:track:0HnIBhh8rnBtliSn3ntbUc,MC Paul Barman,"Buy Low, Sell High",,2010,2026-10-04
spotify:track:0JoHFDx1gp0JjBxEIPutNK,Suicidal Tendencies,Send Me Your Money,Rock,1990,2026-10-04
spotify:track:119c93MHjrDLJTApCVGpvx,Wu-Tang Clan,C.R.E.A.M. (Cash Rules Everything Around Me),Rap/Hip Hop,1993,2026-10-04
spotify:track:1iwt3nUZC8Dalv2ePyxHsK,The Foreign Landers,The Leaves so Green,,2021,2026-10-04
spotify:track:2JwsJrJhzW2zVoRkT22XXY,XTC,Earn Enough For Us - Remastered 2001,Rock,1986,2026-10-04
spotify:track:2mDiNbDSu3IaxCRxToPtvf,Les Savy Fav,Meet Me In The Dollar Bin,Alternative,2004,2026-10-04
spotify:track:2tHNiWPlAoW3pvKb11k2ub,Weavers,Pay Me My Money Down,Folk,1957,2026-10-04
spotify:track:33E5u0qmzBlsHkhU1bTBWa,COIN,Chapstick,Pop,2020,2026-10-04
spotify:track:34q2Y1O5zMeuBhX4WYn0aZ,Iron & Wine,Boy With a Coin,Alternative,2007,2026-10-04
spotify:track:39FFlqltctkj6vkIcVgkec,Penny & The Quarters,You And Me,R&B,2007,2026-10-04
spotify:track:3hk1pufN9SfVllWZJ2JEMe,The Bouncing Souls,The Gold Song,Rock,2006,2026-10-04
spotify:track:3VIJBrMpvimHEw5wtPh2wB,The Drums,Money,Alternative,2011,2026-10-04
spotify:track:478PWxN5mJisvnGaOvItX4,Doves,Pounding,Rock,2002,2026-10-04
spotify:track:4kIcaK5ukJ1XwewfuO25XP,Antibalas,Dirty Money,,2011,2026-10-04
spotify:track:5C2O6Tr274KQNxcmPnk2t2,Cyndi Lauper,Money Changes Everything,Pop,1983,2026-10-04
spotify:track:5GHZ9UH4L3r6UK1A2zHWf3,The Paul Butterfield Blues Band,Shake Your Money-Maker,Rock,1965,2026-10-04
spotify:track:5mOECh8BAECe5HEHzJUvpd,Gary U.S. Bonds,Quarter to Three,Pop,1960,2026-10-04
spotify:track:6jQnEvBwh8lf38MXtb9qCL,Fitz and The Tantrums,MoneyGrabber,Alternative,2010,2026-10-04
spotify:track:6n8mGSm8SdsnEaRy0UHUip,Gold Star,Dani's In Love,Alternative,2018,2026-10-04
spotify:track:6ZX1SRXYQH0hnhUctJSPTH,O.V. Wright,A Nickel And A Nail - Single Version,,1973,2026-10-04
spotify:track:76wxb13SzZ3ZNTeaLJkBh2,"Flock of Dimes, Jenn Wasner",Semaphore,Films/Games,2016,2026-10-04
spotify:track:7mf2HpYaq0uLSQKbiqILO1,Little Walter,Dead Presidents,Rock,1963,2026-10-04
spotify:track:0qKCm8yeHoRJTpryDDQ9TT,Archie Bell & The Drells,Tighten Up,R&B,1968,2026-10-04
spotify:track:0WTq8iUzSlGDAbowEdRKKD,Portugal. The Man,People Say,Alternative,2009,2026-10-04
spotify:track:1LjqC31SVzgyp1xrn4eCkC,Blood of Abraham,STABBED BY THE STEEPLE,Rap/Hip Hop,1993,2026-10-04
spotify:track:1SWp97YZenUS5FFzublQzw,K.Flay,Blood In The Cut,Alternative,2016,2026-10-04
spotify:track:216nTlX5TI1YvvgNpYH1Ip,Bat For Lashes,Siren Song,Pop,2008,2026-10-04
spotify:track:225y6hgfbwICIOkgDaYhIS,Daughter,Smother,,2012,2026-10-04
spotify:track:33ZXjLCpiINn8eQIDYEPTD,Mobb Deep,"Shook Ones, Pt. II",Rap/Hip Hop,1994,2026-10-04
spotify:track:4baiEstFOGDAha1jUo3hLM,"Joe Strummer, The Mescaleros",Johnny Appleseed,Rock,2001,2026-10-04
spotify:track:4PEGwWH4tL6H7dGl4uVSPg,Sade,Like a Tattoo,Pop,1992,2026-10-04
spotify:track:5Bmc87iF3wRWGyDbzcMrG3,Sinéad O'Connor,Drink Before the War,Pop,1987,2026-10-04
spotify:track:5caKLxhma0wCpofWfJICtr,Warhaus,Time Bomb,Rock,2022,2026-10-04
spotify:track:5dd8DTcLb6COvyIUHJXSeW,TENDER,Violence,Electro,2016,2026-10-04
spotify:track:5NN5MQyE3Lo91zAEHpGa7S,Frankie Goes To Hollywood,Two Tribes,Dance,1984,2026-10-04
spotify:track:5yMXAaSvxo12QkYU75Ixv0,Suzanne Vega,Luka,Rock,1986,2026-10-04
spotify:track:6fDCXVv4SR4Zu1YWHvkO9F,Monophonics,Bang Bang (My Baby Shot Me Down),Soul & Funk,2012,2026-10-04
spotify:track:6lhiYqlBsafMe1eGoTEbC4,Kasabian,Shoot the Runner,Pop,2006,2026-10-04
spotify:track:6pfdW2NouUI3ZnugM7r0G0,Marilyn Manson,The Fight Song,,2000,2026-10-04
spotify:track:6pHIEG8q0I4jCuUVHC3s3m,Hazel English,Combat,,2020,2026-10-04
spotify:track:6VefT0jLDsYCQtlVFhPkic,Johnny Cash,Long Black Veil,Country,1965,2026-10-04
spotify:track:7fSOpoZTwCmS8FON3g5M4O,Slayer,War Ensemble,Metal,1990,2026-10-04
spotify:track:7j31rVgGX9Q2blT92VBEA0,My Chemical Romance,Teenagers,Alternative,2006,2026-10-04
spotify:track:7JFoeg0arawADjGcz9gBnq,The Boomtown Rats,I Don't Like Mondays,Pop,1979,2026-10-04
spotify:track:7kn2j4lQaWJamecvH1wvGz,CHVRCHES,Gun,Alternative,2013,2026-10-04
spotify:track:02lTDOxHeXTHsdwXoz6lpC,Spacehog,In the Meantime,Alternative,1994,2026-10-04
spotify:track:0oZELTOtcl1kwJJSfy9YMw,"The Barr Brothers, Land of Talk",Run Right Into It - Radio Mix,Alternative,2025,2026-10-04
spotify:track:0rx29fGns2UOAKkhbqTECs,Dawes,If I Wanted Someone,Alternative,2010,2026-10-04
spotify:track:1GB1oyt7Ar8GWa76B4dV1h,Belly,Gepetto,,1992,2026-10-04
spotify:track:1Gv6f7m5ZNDcInxGA8PsLS,Carpenters,Superstar,Pop,1971,2026-10-04
spotify:track:1jvOjD7K9707WeA99qWyNC,Infinity Song,Sinking Boat,Singer & Songwriter,2024,2026-10-04
spotify:track:1XcUn5PE9d42zWamWgRG2x,Los Lonely Boys,Heaven,Rock,2003,2026-10-04
spotify:track:1Zlblv2hc8bvlYFQe5ADQy,"Chronixx, Chronicle",Big Bad Sound (feat. Chronicle),Reggae,2017,2026-10-04
spotify:track:21esGXwO0QtObGgJ16PxQT,Screaming Trees,Disappearing,,1991,2026-10-04
spotify:track:3cRhk3aGHPTe4aptRyQAJW,Larkin Poe,Bleach Blonde Bottle Blues,,2018,2026-10-04
spotify:track:3rIgqH7rTzpB7Gtvo6oDsA,"Willie Nelson, Lukas Nelson",Just Breathe,Pop,2012,2026-10-04
spotify:track:47Wa0w0RVUdsJlpbH1mYmR,Supergrass,Late in the Day - 2021 Remaster,Rock,1997,2026-10-04
spotify:track:4bscUDqkO6soLEFXMr22ji,The Stooges,1969 - 2019 Remaster,Pop,1969,2026-10-04
spotify:track:4cJC5AjLjRUH2qtemrqLbD,The Brecker Brothers,Some Skunk Funk,Jazz,1975,2026-10-04
spotify:track:4nGpLptr4bhmgBQbRY3Gxr,Madisen Ward and the Mama Bear,Silent Movies,Alternative,2015,2026-10-04
spotify:track:50AhgOXYVm9ASB6PlKdKk0,The McGuire Sisters,Sincerely,,1954,2026-10-04
spotify:track:56awMqnJW19a2zMXKGGmoP,Half Japanese,Brave Enough,Alternative,2014,2026-10-04
spotify:track:5pPftjklQPooJBlE6WOQjk,You Am I,Heavy Heart,Rock,1998,2026-10-04
spotify:track:67iAlVNDDdddxqSD2EZhFs,The Proclaimers,I'm Gonna Be (500 Miles),Rock,1987,2026-10-04
spotify:track:6aPyTOZZheIVT5q1TVlRYD,The Interrupters,Take Back The Power,Alternative,2014,2026-10-04
spotify:track:6gbasO5bPNBSQgc3LBMQlz,"Soulive, Nigel Hall",Too Much,Jazz,2009,2026-10-04
spotify:track:6VxW98Zfexy6LKeCxlVz8g,"Tweedy, Jeff Tweedy",Low Key,Alternative,2014,2026-10-04
spotify:track:7IJki2Z07VBnFcviqXCY4z,The Pointer Sisters,Slow Hand,R&B,1981,2026-10-04
spotify:track:7ImkjvM1OKWhJ5HIPOHcHE,Tegan and Sara,Walking with a Ghost,Alternative,2004,2026-10-04
spotify:track:08nEmepzYghncoGtHyjwzA,H-Burns,Late Bloomers,Pop,2022,2026-10-04
spotify:track:1huWqmpiYksaPppQHLDhZP,"Christone ""Kingfish"" Ingram",Outside Of This Town,Rock,2019,2026-10-04
spotify:track:1xQ1v0xnKgZyQX90f75bKt,Dr. Octagon,Blue Flowers,,1996,2026-10-04
spotify:track:26trS5IUeIbXrKAuFMdzWT,･ ･－･ ･－ ･･･ ･ －･･,･－･･ ･ － ･･ － －－･ －－－,Alternative,2020,2026-10-04
spotify:track:28DNk8qSCssFFX2bmax8ZJ,stellastarr*,No Weather,Pop,2002,2026-10-04
spotify:track:2J4Yo0p2ui2sRBKnzR4Ogz,N.E.R.D,Baby Doll,Rap/Hip Hop,2001,2026-10-04
spotify:track:2nG9BddUCV1MsPnmQ5U00f,Tapir!,Gymnopédie,Folk,2023,2026-10-04
spotify:track:2rFFBkEZhfRnQNITIrnGcM,moe.,In Stride,Rock,2024,2026-10-04
spotify:track:2XUl64aoVJkYEwoFGjUQAg,Menswear,Stardust,Alternative,1995,2026-10-04
spotify:track:39OqZkxrUiMAR1bG3oquBA,!!!,Even When The Water's Cold,Electro,2012,2026-10-04
spotify:track:3A5b16kBwrTStYVloZScq6,A.C. Newman,Encyclopedia of Classic Takedowns,Alternative,2012,2026-10-04
spotify:track:3eN2InIGO0hqKgPI0BCYL5,9th St. Groove,High and Dry,,,2026-10-04
spotify:track:3yeU4JWkT5Ev4iHYbD75SN,"James Bay, Jon Batiste",Sunshine In The Room (feat. Jon Batiste),Alternative,2025,2026-10-04
spotify:track:4ae0AmiDt3o18FvSmQOOYc,Mike + The Mechanics,Silent Running,Pop,1985,2026-10-04
spotify:track:4SlcrOmbIywEz1AoXI1Pyc,P!nk,Whataya Want from Me,Pop,2010,2026-10-04
spotify:track:4UZlEcQmkAeh4mYokk8TNs,Q-Tip,Let's Ride,Rap/Hip Hop,1999,2026-10-04
spotify:track:5HhbHz7Z4HVPZQMDVNhXtM,Against Me!,I Was a Teenage Anarchist,Rock,2009,2026-10-04
spotify:track:5hXEcqQhEjfZdbIZLO8mf2,Wham!,Everything She Wants,Pop,1984,2026-10-04
spotify:track:5iynCtpEY7mx4ou54tHBPH,Eek-A-Mouse,Ganja Smuggling,Reggae,1981,2026-10-04
spotify:track:6cl64wfCZDTD8nHy1PIRfB,? & The Mysterians,Midnight Hour,Rock,1966,2026-10-04
spotify:track:6DYLWAdxEJvwWmT7EkeDkX,"Σtella, Redinho",Charmed,Alternative,2021,2026-10-04
spotify:track:7if3aNoVuQUX6WS0np5xLO,Was (Not Was),Walk The Dinosaur,,1987,2026-10-04
spotify:track:7JbyIOpT7hGGnMbbKQ3Hsx,Qebrus,⊶⊑ ♉ ♋ ☮ ♋ ♉⊒⊷,Electro,2014,2026-10-04
spotify:track:7lue3ug1VFSCiS9mYHX7zW,"DJ Premier, A$AP Ferg",Our Streets (feat. A$AP Ferg),Rap/Hip Hop,2017,2026-10-04
spotify:track:00Xj5a1AANvD7snPt8h3gs,Count Basie,The Kid from Red Bank - 1994 Remaster,Jazz,1958,2026-10-04
spotify:track:05KTO889WBJjDsNK7IgwGZ,"Jon Kennedy, Alice Temple, Sam Brox",Queen Of Nothing,Electro,2025,2026-10-04
spotify:track:0eifvmNPHWaSh4IKNR4Xva,Mr. Big,To Be With You - 2021 Remastered,Rock,1991,2026-10-04
spotify:track:1Cf3n9o78e2faKZeM6v5Zr,The Dutchess & The Duke,Reservoir Park,Alternative,2007,2026-10-04
spotify:track:1LC2Hcgf2RgEbxPHNTnzaC,Marcy Playground,Saint Joe On The School Bus,Rock,1996,2026-10-04
spotify:track:2HlIwDjHQR7drUcPRze7Vt,Sir Sly,Too Far Gone,Alternative,2014,2026-10-04
spotify:track:2sxOdvVCjevwFks5rJXEnw,"Major Lazer, Amber Coffman",Get Free,,2012,2026-10-04
spotify:track:2y9Me04be6zHla3lLtgRdr,King Buffalo,Hebetation,Rock,2021,2026-10-04
spotify:track:3kzbkZtBqamTgyO31DO1Sn,King Crimson,"The Court Of The Crimson King - Including ""The Return of the Fire Witch"" and ""The Dance of the Puppets""",Rock,1969,2026-10-04
spotify:track:3RRQunWUTx2XpmmbcdhBc7,Rainbow Kitten Surprise,Mr. Redundant,Alternative,2013,2026-10-04
spotify:track:3yjVsUq8psgcHm8SQrZ8i4,Lord Finesse,Hip 2 Da Game,Rap/Hip Hop,1995,2026-10-04
spotify:track:4vO9dmzNRqDhFY3jD1a3P7,Mountain,Mississippi Queen,Rock,1970,2026-10-04
spotify:track:5CGpPUcUahMuLzkNK9ZgPP,Traffic,Dear Mr. Fantasy,Pop,1967,2026-10-04
spotify:track:5eQL5AQ3iNI4Hqq6TqZ2xd,The Amboy Dukes,Journey to the Center of the Mind,Rock,1968,2026-10-04
spotify:track:5fNDP3NTdE69szQHUl4fFr,The Marvelettes,Please Mr. Postman,R&B,1961,2026-10-04
spotify:track:5Y55KLlrLZr8BwLkYQ7QDd,Emily King,Remind Me,R&B,2019,2026-10-04
spotify:track:60GK59bWJrdzJ0BeUPI0Ke,Brian Fallon,Her Majesty's Service,Alternative,2017,2026-10-04
spotify:track:6AsD2fMWHOtUTx50qV4AKU,Roger McGuinn,King Of The Hill,Pop,1990,2026-10-04
spotify:track:6QU4xwSi2X8np8qo7JJb34,Wolf Gang,The King And All Of His Men,Alternative,2009,2026-10-04
spotify:track:6ui6l3ZNvlrGQZArwo8195,Sex Pistols,God Save the Queen,Alternative,1977,2026-10-04
spotify:track:6WTFHKrnZpwEBLRS10Ylqs,Dominic Fike,misses,Alternative,2024,2026-10-04
spotify:track:76tE8BnaJLQHZrXTOmigkg,Colony House,El Capitan,Alternative,2019,2026-10-04
spotify:track:7CUy1tN3fac2VyOVlGr7xk,King Kobra,Hunger,Rock,1985,2026-10-04
spotify:track:7MNiFb37n52nlKHtTNNw0Z,King Tuff,Freak When I'm Dead,Rock,2008,2026-10-04
spotify:track:0AmK67QC3fhZYvFw74f0fD,"Monophonics, Kelly Finnigan",Sage Motel,R&B,2021,2026-10-04
spotify:track:0srp0yXqH0Axym0z7wLUQy,Bobby Bare,(Margie's At) The Lincoln Park Inn,Country,1969,2026-10-04
spotify:track:0Usx8njaRuO8KrPHmRjnBe,The Veils,The House She Lived In,Rock,2004,2026-10-04
spotify:track:0Vfgpl5VpDBQexEPYUqaQK,The Kooks,Sofa Song,Pop,2003,2026-10-04
spotify:track:0Yw8XI8wOfLa5rTJdX7wVK,Joe Cocker,Darling Be Home Soon,Rock,1969,2026-10-04
spotify:track:0ZvWonPlsxGTFiiKaC8gBh,The White Buffalo,Widow's Walk,Rock,2020,2026-10-04
spotify:track:1r1fPuhj9H4VdXr7OK6FL5,Linkin Park,CASTLE OF GLASS,Alternative,2012,2026-10-04
spotify:track:1rbVHN9kCEauy7JQ1QnvHa,Railroad Earth,Bird In A House,Rock,2002,2026-10-04
spotify:track:2ibNhXeLiX8fm7KQtQUIgl,Editors,Smokers Outside The Hospital Doors,Alternative,2007,2026-10-04
spotify:track:2rtDHB2fSisS34D0ArWg06,Arcade Fire,Suburban War,Alternative,2010,2026-10-04
spotify:track:2wZBb1r0BYixj88W9VsrTl,MEG MYERS,Motel,Alternative,2015,2026-10-04
spotify:track:35XcjHKG0VJMirLpu5uP0T,"Etta James, Sugar Pie DeSanto",In The Basement - Pt. 1,Rock,1966,2026-10-04
spotify:track:3cbTV3IZZvSBYVcl0xuZbY,Local H,Bound For The Floor,Rock,1996,2026-10-04
spotify:track:3GwD5M2NR8xMFLvqPnjZ8T,The Colourist,We Won't Go Home,Alternative,2013,2026-10-04
spotify:track:3uCHe9dz3UGTWKs2iqh8Gn,The Disco Biscuits,Home Again,Rock,2001,2026-10-04
spotify:track:41yfGYaNFaCa9fsN0pqUWd,Angine de Poitrine,Ababa Hotel,Alternative,2024,2026-10-04
spotify:track:4LkakklOZ2t02I5MOrNsP5,Joe P,Glass House - Stripped,Alternative,2023,2026-10-04
spotify:track:5HjviQMuDBIvcyNXJtka23,Barenaked Ladies,The Old Apartment,Pop,1995,2026-10-04
spotify:track:6aBdYiE6gx1s87J5OPCrWj,Arm's Length,Attic,Rock,2025,2026-10-04
spotify:track:6BsXgrxQViV3PdAjS13uWZ,"The Bangles, Susanna Hoffs",In Your Room,,1988,2026-10-04
spotify:track:6bTAz3pg5ywBeZHCQoleJB,"slowthai, Mura Masa",Doorman,Rap/Hip Hop,2018,2026-10-04
spotify:track:6iVCrZZBDOHVXlvM4h6nE7,Dehd,Window,Alternative,2022,2026-10-04
spotify:track:6jF8x34bwzw1NrMxFQ5LOL,Banbarra,Shack Up,Dance,1975,2026-10-04
spotify:track:77Al0O42PXCiU35JZoAyhz,Desert Sessions,Crawl Home,,2003,2026-10-04
spotify:track:04SKRYt6DMyJopClkIaE3g,Sevendust,Prayer - Live,Rock,1997,2026-10-04
spotify:track:0pKHcvVTu45VArRcG6bDlS,Los Lobos,"Don't Worry Baby - Live at Crypto.com Arena, Los Angeles, CA, 9/24/2023",Rock,1984,2026-10-04
spotify:track:0TqS8O4yonu7nCv3vaBUEo,Mt. Joy,"Dirty Love - Live at The Salt Shed, December 2023",Alternative,2018,2026-10-04
spotify:track:0vrLP6YiVejEyiielVupTv,Earl Scruggs,Earl's Breakdown,Country,1991,2026-10-04
spotify:track:1Dp5SNRRONnfhsVPepEdgg,Kings of Leon,"Taper Jean Girl - Live at AB Box, Brussels, Belgium - November 2004",Rock,2004,2026-10-04
spotify:track:1mgu7j2I6s92RboqRMXWHB,Foo Fighters,"Walk - Live at the Roundhouse, London, UK - July 2011",Rock,2011,2026-10-04
spotify:track:1N3mMpIjG3d3KVswhEKqk2,Pennywise,Bro Hymn - Live,Rock,1991,2026-10-04
spotify:track:1Q3GumBT054m3QxRER237B,Goose,Animal - Live,Alternative,2022,2026-10-04
spotify:track:1rn3RdftgRiJOsJEpOyn0Q,The White Stripes,Jolene - Live,Alternative,2000,2026-10-04
spotify:track:29fJSeo2lezXalFKuhFQRi,The Infamous Stringdusters,The Hitchhiker - Live,Rock,2011,2026-10-04
spotify:track:2PdqL2em8V1MlhK2Ig1xpg,The Cure,It Can Never Be The Same - Live,Rock,2016,2026-10-04
spotify:track:2qtiA2u3lt0sGplkrFZQIp,The War On Drugs,An Ocean In Between The Waves - Live,Alternative,2014,2026-10-04
spotify:track:30WIxailqt07iUFWlc14IU,The Lumineers,A.M. Radio - Live from Wrigley Field,,2021,2026-10-04
spotify:track:35eXq14Mr2j9V9HsUPTuME,The Revivalists,Catching Fireflies - Live At Tipitinas,Alternative,2010,2026-10-04
spotify:track:3EDnM8POwE0ImCJPoFPMiO,Violent Femmes,Blister In The Sun - Live At The Boathouse / 1991,Alternative,1983,2026-10-04
spotify:track:3G7nMjYrgWkcFDBLmGZ9PA,Calexico,"Quattro - Live at China Theatre Stockholm, 25.04.2003",Alternative,2003,2026-10-04
spotify:track:3Qy6y541I5a6z1XwIINCOv,Spafford,Beautiful Day (Live),Rock,2015,2026-10-04
spotify:track:3Xb4PWjufIlTNGkzCRIrGO,"Keller Williams, gibb droll",Run for the Roses - Live,R&B,2025,2026-10-04
spotify:track:4eUBpJ2UXlxwLPwOy6Npkd,Jeffrey Gaines,In Your Eyes (Live),Pop,1992,2026-10-04
spotify:track:4UShg5FpfPkLdXqwK1qE7P,Dave Matthews Band,"Two Step - Live at Giants Stadium, E. Rutherford, NJ - June 2001",Rock,1991,2026-10-04
spotify:track:4xnt72PQaNcAHCIOmBrS65,Goose,Running Up That Hill - Live,Rock,2024,2026-10-04
spotify:track:5eswhXOqtkATY8UIn3PzFz,Lucinda Williams,"Ventura - Live (2003/The Fillmore, San Francisco)",Rock,2002,2026-10-04
spotify:track:5PQkVl6EiQtvgkKKYZTlbG,"Joni Mitchell, The Joni Jam","Carey (feat. The Joni Jam) - Live at the Newport Folk Festival, Newport, RI, 7/24/2022",Pop,1971,2026-10-04
spotify:track:5VaWlp54HTo03meWB9l5bx,"Sting, Branford Marsalis, Royal Philharmonic Concert Orchestra, Steven Mercurio",Englishman In New York - Live In Berlin/2010,Pop,1987,2026-10-04
spotify:track:5vHYleXKsa11noyyodUR7y,Bush,"Comedown - Live From KROQ's Almost Acoustic Christmas, Los Angeles/1995",Rock,1994,2026-10-04
spotify:track:6JubIhSFs0T8j3LZUmJNHS,Regina Spektor,Fidelity - Live at Lollapalooza 2007,Alternative,2006,2026-10-04
spotify:track:6kUeogb7FK4vTA9mZveS9z,Peter Hook and The Light,Temptation - Live,Alternative,2013,2026-10-04
spotify:track:6wacWoYfO7kKRbbpxlQZF3,Mundy,July,Rock,2001,2026-10-04
spotify:track:6xleIePy9XfIOV8ksoKlKx,The String Cheese Incident,This Must Be the Place (Naive Melody),Alternative,2002,2026-10-04
spotify:track:7bYYPFtZQYwqsAmA1x8pix,Bob Marley & The Wailers,"Rat Race - Live At The Pavillon De Paris, 1977",Reggae,1973,2026-10-04
spotify:track:0bw1li9y32rw40HGodRShs,The Verve,Lucky Man,Rock,1997,2026-10-04
spotify:track:0nCZDQrlWA149QdGTdlsFU,Matisyahu,One Day,Rock,2009,2026-10-04
spotify:track:0NyWChfq03yy6zI9OVOJGX,Mick Flannery,Even Now,Alternative,2014,2026-10-04
spotify:track:18bsblFzs3PgmtFsuFLkSD,Black Eyed Peas,Fallin' Up,Rap/Hip Hop,1998,2026-10-04
spotify:track:1DVrCUHIHQCKipeer1WnP0,Someone Still Loves You Boris Yeltsin,Pangea,Alternative,2005,2026-10-04
spotify:track:1g2RvZyii0Z3rq7Vd96qYv,Ted Lucas,Robins Ride,Folk,1975,2026-10-04
spotify:track:1MScvM0FgUcY29Te3gcjyt,The Connells,Slackjawed,Rock,1993,2026-10-04
spotify:track:1tI7jG3QHOOkrvTbxcVCJD,Brothers Past,Leave the Light on,Alternative,2005,2026-10-04
spotify:track:1wpNY2Eimr4Zy8NpNBikHy,Brooklyn Brothers,Someday,Pop,2012,2026-10-04
spotify:track:2sePTXSPRYTcykFvXZP5vg,Rancid,Fall Back Down,Alternative,2003,2026-10-04
spotify:track:2wd52lU3agY0P3x2hxPYhm,"Jump, Little Children",Cathedrals,Rock,1998,2026-10-04
spotify:track:38gWcIv9kux0xbgB8fZCvh,Nether Hour,Moonstruck,Rock,2025,2026-10-04
spotify:track:3e0mTdrvtD4jlzwlSGUBXB,Common Saints,Sweet Release,Blues,2015,2026-10-04
spotify:track:3HFBqhotJeEKHJzMEW31jZ,Big Thief,Change,Alternative,2021,2026-10-04
spotify:track:3NNkJwiHucP5QyUEAIMXra,Stephen Stills,Love the One You're With,Pop,1970,2026-10-04
spotify:track:4hDxqXmufOdDFlqnUqcamD,Adia Victoria,South Gotta Change,Alternative,2020,2026-10-04
spotify:track:4Mqz5b3jmh1AJqKsBfZuVr,Swim Mountain,Dream It Real,Alternative,2014,2026-10-04
spotify:track:4PTG3Z6ehGkBFwjybzWkR8,Rick Astley,Never Gonna Give You Up,Pop,1987,2026-10-04
spotify:track:4YeYupLm97ehlhYhboqMxM,The Meltdown,Better Days,R&B,2014,2026-10-04
spotify:track:51EMSRpNm9Rg5rGViVCczv,Weyes Blood,Andromeda,Alternative,2019,2026-10-04
spotify:track:5fpEDGQX0Ah3utGnFYulQZ,Ben Howard,Keep Your Head Up,Alternative,2008,2026-10-04
spotify:track:5n7RvtAYfa6Nnr3677RfzY,City and Colour,The Death Of Me,Alternative,2007,2026-10-04
spotify:track:5zjQ3gF7xeNhMh0Is6wX0b,Ivy,Edge Of The Ocean,Alternative,2000,2026-10-04
spotify:track:69hmfosjhuPtbDXnAALYYL,Ty Segall,Fantastic Tomb,Alternative,2025,2026-10-04
spotify:track:6P6PwoZNACtrkTsIZV8XS8,Tedeschi Trucks Band,Bound for Glory,Rock,2011,2026-10-04
spotify:track:6PgVDY8GTkxF3GmhVGPzoB,Sam & Dave,"Hold On, I'm Comin'",Rock,1967,2026-10-04
spotify:track:6R9hUvkurjLcgsxcoC7kVQ,STS9,Click Lang Echo (Athens - 03.20.15),,,2026-10-04
spotify:track:7a014uMHF3nlqzXCxV551C,Allman Brothers Band,Soulshine,Pop,1994,2026-10-04
spotify:track:7LFJ9rJEh2OElqgi1ioAP1,Matthew Sweet,Evangeline,Country,1991,2026-10-04
spotify:track:00gUrZ7rjHwkBwEt8MEt4F,John Grant,Sensitive New Age Guy,,2013,2026-10-04
spotify:track:024n7Up7T6nxWWSUh3mmuT,One True Thing,Monster,Rock,2004,2026-10-04
spotify:track:02EiS6xZRVvRP6GawpZR65,Grizfolk,Hymnals,Alternative,2014,2026-10-04
spotify:track:04B5oXIS1KPSqokWclSR1L,Stella Paris,Not What He Seems,Alternative,2025,2026-10-04
spotify:track:06IkwYmAnJg4eNP8BwtS7g,The Death Set,Negative Thinking,Rock,2005,2026-10-04
spotify:track:0i5sXl27BDyyPLcQSM0zWx,Beulah,Sunday Under Glass,Alternative,1998,2026-10-04
spotify:track:0YUPNALSMxSQe3KvTeSezs,Little Feat,"Fat Man In The Bathtub - Live at Lisner Auditorium, Washington, DC, 8/10/1977",Pop,1973,2026-10-04
spotify:track:1f0obCjjP6MaPoN0dDC3sS,Bee Caves,Black Mason Hills,Alternative,2014,2026-10-04
spotify:track:1hKZ3Bjb3UeJ1IDQPLCb5d,Salvia Plath,House of Leaves,Alternative,2013,2026-10-04
spotify:track:1UeQ7y3oOiQghVlpwWGtUU,GUV,Ripe 4 Luv,Rock,2014,2026-10-04
spotify:track:3hu1so67aLUU3acsLvHrnL,"Johnny Blue Skies, Sturgill Simpson",If The Sun Never Rises Again,Rock,2023,2026-10-04
spotify:track:3Knrb6Y0p9fAUyTzxWC0nn,Monsters Of Folk,Magic Marker,Alternative,2009,2026-10-04
spotify:track:3nDM1ezsfSuuYaFN4sicp1,JOSEPH,White Flag,Alternative,2016,2026-10-04
spotify:track:3YXtKLwRdiHdy71pN5IHkk,Good Morning,Country,Alternative,2021,2026-10-04
spotify:track:4jsCgpmMyph0onXF2Sh1zC,Hello Saferide,The Quiz,Alternative,2006,2026-10-04
spotify:track:4oezzunLhIMqIRASTuciub,Basia Bulat,Infamous,Alternative,2015,2026-10-04
spotify:track:4uIWR4HhF0Xca0NAPRM5HW,J. Roddy Walston & The Business,You Know Me Better,Alternative,2017,2026-10-04
spotify:track:5B8NzZPIvsodYU0qsZzIJK,Third Eye Blind,Slow Motion - 2006 Remaster,Alternative,1994,2026-10-04
spotify:track:5bg0lxba4KQmBhWe3nKHUB,Robert Palmer,Sailing Shoes,Pop,1974,2026-10-04
spotify:track:5cDor4usUshHiYhPUe35p8,Marshall Crenshaw,Mary Anne,Alternative,1982,2026-10-04
spotify:track:5ILVQMRdAPhN7R7tgogkZf,The Coronas,Addicted to Progress,Rock,2011,2026-10-04
spotify:track:5LNkpie03tsGvZgFxc2R0P,"Albert King, Stevie Ray Vaughan",Pride And Joy,Jazz,1999,2026-10-04
spotify:track:5SihUXVH9k3sCE1VLwGveG,Moon Taxi,Run Right Back,Alternative,2015,2026-10-04
spotify:track:626SureNYycW54UISCUJ1s,All Them Witches,Open Passageways,Alternative,2015,2026-10-04
spotify:track:6DIFZpvD9gGTNyN4enzH7b,Teedra Moses,No More Tears,R&B,2004,2026-10-04
spotify:track:6EJ2tSZarjFhJxn1y0Rpdv,The Belair Lip Bombs,Jimmy's Song,Rock,2018,2026-10-04
spotify:track:6UBd3Ub3OCnXSM21wno2zV,"Riskay, Aviance, Real",Smell Yo Di**,Rap/Hip Hop,2007,2026-10-04
spotify:track:6XOO8H1jgZeQEZ3bGBMEtq,Ted Leo and the Pharmacists,The Mighty Sparrow,Alternative,2010,2026-10-04
spotify:track:6Z22Flo7OCLuCSWyd6w6c1,Psychedelic Porn Crumpets,March on for Pax Ramona,Rock,2024,2026-10-04
spotify:track:79lVmACc9kCxRuZ5PKZXfA,Jets To Brazil,Lemon Yellow Black,Alternative,1998,2026-10-04
spotify:track:04UWtAIMwi67MG8uHwYqgK,Concrete Blonde,Joey,Rock,1990,2026-10-04
spotify:track:0Afai8u1STCaDyTTm1gEZf,Flamin' Groovies,Shake Some Action,Rock,1976,2026-10-04
spotify:track:0jmyo9QOmFbjDCYpNaPDhy,Catherine Wheel,Black Metallic,Rock,1991,2026-10-04
spotify:track:0pdNrplETjuoT6U9eKBRUp,Stroke 9,Letters,Rock,1999,2026-10-04
spotify:track:0wvIGFIgbyz4JNwQhZgTv2,Alice In Chains,Rooster (2022 Remaster),Rock,1992,2026-10-04
spotify:track:1DIXPcTDzTj8ZMHt3PDt8p,"Coolio, L.V.",Gangsta's Paradise,Dance,1995,2026-10-04
spotify:track:1ZgZKhXuAnQdXwlLJOk7TU,Pat McGee Band,Rebecca,Reggae,1997,2026-10-04
spotify:track:2AS0465xJT8zJbrQ4pHP96,Dot Allison,Colour Me,Pop,1990,2026-10-04
spotify:track:2B9aYvlGefTIgKLhM6ia8t,"Diddy, The Notorious B.I.G., Busta Rhymes",Victory (feat. The Notorious B.I.G. & Busta Rhymes),Rap/Hip Hop,2003,2026-10-04
spotify:track:2BVlfTricHWKYtAI4XaSLA,Al Green,Rhymes,R&B,1975,2026-10-04
spotify:track:2G2YzndIA6jeWFPBXhUjh5,The Ronettes,Be My Baby,Pop,1963,2026-10-04
spotify:track:2Gl8sH6spK27nQ900wTGCb,Porcupine Tree,Blackest Eyes,Rock,2002,2026-10-04
spotify:track:2NyaZECpJZCAqFJFCWPDRz,Bram Tchaikovsky,Girl Of My Dreams,Rock,1979,2026-10-04
spotify:track:2uIecW383qQUe4d0vCc2en,Cowabunga Babes,Teenager,,,2026-10-04
spotify:track:3vcybGRC3eU6btnEWuFWII,Live,Lakini's Juice,Rock,1996,2026-10-04
spotify:track:3xyO4UQssQz2lBqv608DiF,Bell X1,Rocky Took A Lover,Pop,2005,2026-10-04
spotify:track:4FGAOmf2vxT7FF8w2vL6R6,Samantha Fox,Naughty Girls (Need Love Too),Pop,1987,2026-10-04
spotify:track:4tBl1xhBg5PETpBvFnQmGl,Pavement,Cut Your Hair,Alternative,1994,2026-10-04
spotify:track:4wwXTGYSIuzENJ7sZXRSoo,The Beatnuts,Do You Believe?,Rap/Hip Hop,1997,2026-10-04
spotify:track:5cnyGhOusHXtG57jNNLuiz,Granian,Immune,Rock,1996,2026-10-04
spotify:track:5KiS8SFnu21xI74mHgfZ3D,Bad Religion,Sorrow,Rock,2001,2026-10-04
spotify:track:5qA1ZrjjVLh1cL9GZOFdNm,The Chambers Brothers,Time Has Come Today - Single Version,Rock,1966,2026-10-04
spotify:track:64rffk1sFEByzpFo46R0v9,The Suicide Machines,High Anxiety,Alternative,2003,2026-10-04
spotify:track:6ElvQtc7qkR3XF2QlyNBTm,Lake Trout,Sounds From Below,Alternative,1998,2026-10-04
spotify:track:6iMBQot4ZWbc1judI3x1eG,Vampire Weekend,One (Blake's Got A New Face),,2007,2026-10-04
spotify:track:6Lif5Y5PeB2NvAxChqdwv4,The Soup Dragons,Crotch Deep Trash - Remastered,Pop,1989,2026-10-04
spotify:track:6rRIRMEhVclbTleCJQsrPm,Alanis Morissette,All I Really Want - 2015 Remaster,Pop,1995,2026-10-04
spotify:track:6ZixnWzzH1YxqBg9kLOPDy,Citizen Cope,Sideways,Pop,2002,2026-10-04
spotify:track:7l4hhnqMBhtiRz06AbFfgw,Spring Heeled Jack,Peg Leg Bates (Remastered),Alternative,1995,2026-10-04
spotify:track:7ouMYWpwJ422jRcDASZB7P,Muse,Knights of Cydonia,Alternative,2005,2026-10-04
spotify:track:0jyYstiiibkN6xlS7INejg,Zac Brown Band,My Old Man,Country,2017,2026-10-04
spotify:track:0kVxfGKCZll6kkpk59066V,Alexi Murdoch,The Light (Her Hands Were Leaves),,2009,2026-10-04
spotify:track:0ru5PQfyvJiFJfJGMlF0nq,"Papa Mali, Robb Kidd",Coffee,Alternative,2005,2026-10-04
spotify:track:1B3xfK5jOHtS3jhvntYaKW,Typhoon,Young Fathers,Alternative,2013,2026-10-04
spotify:track:1GjJX9oQKgpdeMweWi8CVT,Hockey Dad,Still Have Room,Alternative,2023,2026-10-04
spotify:track:2hx4ptqsE8dboLH3NCLmaN,Everclear,Father Of Mine,Alternative,1994,2026-10-04
spotify:track:2obblQ6tcePeOEVJV6nEGD,Harry Chapin,Cat's in the Cradle,Rock,1974,2026-10-04
spotify:track:2RPhXg9D4JOkryUznL0aaB,Ms. Lauryn Hill,Forgive Them Father,,,2026-10-04
spotify:track:2WbKDH7BbDUHqACsZH0KVW,Vulfpeck,"Daddy, He Got a Tesla",R&B,2016,2026-10-04
spotify:track:3F14hbIqy1JKKLTb1mzdYV,"Eminem, Hailie Jade",My Dad's Gone Crazy,Rap/Hip Hop,2002,2026-10-04
spotify:track:3HVS01vPf5NMGS7ACAyEXv,Jane's Addiction,Had a Dad,Alternative,1988,2026-10-04
spotify:track:3Ikj1lOJgudYUpMFmDvCQ7,Big Bad Voodoo Daddy,Minnie The Moocher,Jazz,1998,2026-10-04
spotify:track:3MIJwpyBlU6Bs0M47SmpOu,The Civil Wars,My Father’s Father,Rock,2009,2026-10-04
spotify:track:3p58uPQ08nLtr8IwVGdYKg,Loudon Wainwright III,Daughter,Rock,2007,2026-10-04
spotify:track:3rMyMv8EjKXoPnaRo2hdJN,"Birdman, Lil Wayne",Stuntin' Like My Daddy - Street,Rap/Hip Hop,2000,2026-10-04
spotify:track:3uqcUr95iz53Xp0H0Y99cM,The Black Crowes,Papa Was a Rollin' Stone,Rock,2022,2026-10-04
spotify:track:476V2d6iA2tWXgQboKmTtA,Yusuf / Cat Stevens,Father And Son,Pop,2019,2026-10-04
spotify:track:4aU1zq0W9Ftg1UAQSj4aHN,Paul Simon,Father and Daughter,Pop,2002,2026-10-04
spotify:track:4fEJGPsUojbKlMJGCVEZQq,Ugly Kid Joe,Everything About You,Rock,1991,2026-10-04
spotify:track:5FPnjikbwlDMULCCCa6ZCJ,John Mayer,Daughters,Pop,2003,2026-10-04
spotify:track:5k01mZYSqFxzPZPgX3DaAI,Chuck Berry,Dear Dad - Single Version,Rock,1964,2026-10-04
spotify:track:5l79pLYX6NwTa6FiT8Eoyo,Ethel Cain,Family Tree,Alternative,2022,2026-10-04
spotify:track:5q8BuOJpUEyXbO1chUTkUE,Cherry Poppin' Daddies,Pool Shark,Alternative,2009,2026-10-04
spotify:track:607PGYIaTaTyAKQtmPpUom,"Powfu, beabadoobee, blink-182",death bed (feat. beabadoobee & blink-182) - bonus remix,Rap/Hip Hop,2020,2026-10-04
spotify:track:6fWmMkvEtYyMvYcAzlrpah,Pedro The Lion,Big Trucks,Alternative,1998,2026-10-04
spotify:track:6QiSWUVt7dpr6L5JkuVGGk,Teenage Dads,Elevator,Alternative,2021,2026-10-04
spotify:track:75tD795Qq85wOqwBvob2Jv,"Devin Townsend, Ché Aimee Dorval",Daddy,Rock,2014,2026-10-04
spotify:track:7KNU8h0bckZO9eSVmguGIz,Dan Fogelberg,Leader of the Band,Pop,1981,2026-10-04
spotify:track:7mMtLgGAqsXB84sf57UMUw,William Shatner,Common People,,2004,2026-10-04
spotify:track:7qAfN3OAhDcwAhGe9Nq7Mi,Dramarama,"Anything, Anything",Alternative,1985,2026-10-04
spotify:track:0guW4g1Z0gJjkKxkIy7VR7,Simple Minds,Belfast Child - Remastered 2002,Rock,1989,2026-10-04
spotify:track:0NwB4MtnpUGEaGotcX0vmt,Murray Head,One Night In Bangkok - Original Single Version / From “Chess”,Pop,1984,2026-10-04
spotify:track:0RnNb1tVzNASCPj7YaC9I8,Aidan and the Astronauts,Cork City,,,2026-10-04
spotify:track:12KG5Je9YqqnNX5BW9YfVJ,Stockholm Monsters,Fairy Tales,Alternative,1982,2026-10-04
spotify:track:1fLRq5oqUSBy4rolN33t6m,Architecture In Helsinki,Dream a Little Crazy,Alternative,2013,2026-10-04
spotify:track:1JRfP5jkBm7zS8B0k7Xj66,"Theophilus London, Tame Impala",Only You,Alternative,2018,2026-10-04
spotify:track:1kPGaMrbialdS1stoNku6J,Stars,Bitches In Tokyo,,2007,2026-10-04
spotify:track:1ZBCnBpYeKvupoPUYv44Gj,Tokyo Police Club,Bambi,Rock,2009,2026-10-04
spotify:track:27cyWPYManSTHiwMreSuGB,"Dirty Heads, ROME",Lay Me Down (feat. Rome),Alternative,2008,2026-10-04
spotify:track:2ixsaeFioXJmMgkkbd4uj1,George Ezra,Budapest,Pop,2013,2026-10-04
spotify:track:2LXjhNee4iPRVemx9NSZQ3,Ultravox,Vienna,Pop,1981,2026-10-04
spotify:track:3e9kZD3unw4EBxrZdlWIYX,The Casket Lottery,Midway,Alternative,1999,2026-10-04
spotify:track:3fv9cBtpMOaFaIAO4uVRBV,Guster,Amsterdam,Alternative,2002,2026-10-04
spotify:track:454I78HEySdcHE8fcVabTb,Nothing But Thieves,Amsterdam,Alternative,2017,2026-10-04
spotify:track:46bkeaB7DA45q7PdKWLFkR,Imagine Dragons,Amsterdam,Alternative,2011,2026-10-04
spotify:track:48p5E25cFPanxuwCTmTpuL,When In Rome,The Promise,Rock,1988,2026-10-04
spotify:track:4hHjWMWYIuAFVa5RQZJFIP,"Friendly Fires, Aeroplane",Paris - Aeroplane Remix,Alternative,2007,2026-10-04
spotify:track:4MZkA1wOfqYclYkQt7MUEd,Vienna Vienna,Vienna (Everything’s Fine),Alternative,2024,2026-10-04
spotify:track:4wWHRSJ7KXhhpK8JXmPntv,Tijuana Panthers,Current Outfit,Rock,2020,2026-10-04
spotify:track:4xj5OL6pyQTOsDRewbO5zv,Peter Bjorn and John,Amsterdam,Pop,2006,2026-10-04
spotify:track:56CISV8Eg0CwTyN0xaRnDH,ANGRA,Lisbon,Alternative,1998,2026-10-04
spotify:track:5bmbTAe7OffTOnZYLgg4SK,The String Cheese Incident,San Jose,Country,1996,2026-10-04
spotify:track:5btekNZ7hZGLOW2hcvl7mw,Yeasayer,Rome,,2010,2026-10-04
spotify:track:5GXX6ynEUMy6FTJuyLviIb,Bombay Bicycle Club,My Big Day,Alternative,2023,2026-10-04
spotify:track:5ro5LLwaurWyLZSBnWuOAM,Rush,A Passage To Bangkok,Rock,1976,2026-10-04
spotify:track:65JsebXPH1dye5lc0d2R37,I'm From Barcelona,Violins,Pop,2014,2026-10-04
spotify:track:6v3fTUFKWI1qjJR0SnfYgi,The Ghost of Paul Revere,Montreal,,2017,2026-10-04
spotify:track:71yEXMwt8PTQAPT2mm9B1D,Ethan Regan,rome,Folk,2026,2026-10-04
spotify:track:7bx2SaRNKp1WOB1jeZuOVl,of Montreal,Oslo in the Summertime,Alternative,2005,2026-10-04
spotify:track:7BZLNqU7zChzcnSo6ETJ5l,The Beautiful South,Rotterdam (Or Anywhere),Pop,1996,2026-10-04
spotify:track:026jMTqOYyHRd2D5n6pWda,Dirtwire,Stranger,Electro,2017,2026-10-04
spotify:track:0FZ8ULT8WR1xwCIzjVRxnw,"deadmau5, Rob Swire",Ghosts 'n' Stuff - Extended Mix,Films/Games,2008,2026-10-04
spotify:track:0lHAMNU8RGiIObScrsRgmP,"David Guetta, Sia",Titanium (feat. Sia),Dance,2011,2026-10-04
spotify:track:0pE89jFuJUdGDnxsnpiTeo,"GRiZ, Big Gigantic",Good Times Roll,Electro,2015,2026-10-04
spotify:track:15ccEhr9NN3Blmdr0hQwj9,Madeon,Icarus,Dance,2011,2026-10-04
spotify:track:1CzcX7MVM3LAwcvl3C7Vcn,Ed Rush,Skylab,Dance,1996,2026-10-04
spotify:track:1s88EKEQ1bonlu5G2EK7Zn,TWEAK,Get Your Freak On,Electro,2014,2026-10-04
spotify:track:1SE3SKCKJx9BifQuTeffy6,"Break Science, Danielle Parente",Way I Feel,,2013,2026-10-04
spotify:track:3MEYFivt6bilQ9q9mFWZ4g,Marshmello,Alone,Dance,2016,2026-10-04
spotify:track:4aSyYc1rWc2KhTknSfpx9H,"Passion Pit, SOFI TUKKER",Sleepyhead 2025,Dance,2025,2026-10-04
spotify:track:4dxxj2vXSGSmHEIKchMmCh,Infected Mushroom,Heavyweight,,2007,2026-10-04
spotify:track:4RIKxHsRObjUFrQ0Bih3mT,"Razor-N-Guido, GRECO (NYC)",Do It Again - Greco (NYC) 20XX Mix,Electro,1998,2026-10-04
spotify:track:4rS63BySQrdWuTswkkZ5iS,Donna Summer,I Feel Love,Disco,1977,2026-10-04
spotify:track:59wlTaYOL5tDUgXnbBQ3my,ODESZA,A Moment Apart,Electro,2017,2026-10-04
spotify:track:5IeePsTYSdFvadsHY0npqF,Electric Callboy,TANZNEID,Rock,2025,2026-10-04
spotify:track:5SBrBmHBMD1FjHZrWdabsK,Shpongle,Dorset Perception,Electro,2001,2026-10-04
spotify:track:5sL6LS9GsDYHWTiJyq20QG,"Rita Lee, Roberto De Carvalho, L_cio, Tessuto",Caso Sério - L_cio & Tessuto Remix,Brazilian Music,1980,2026-10-04
spotify:track:5SOmPa1x00jAmZLHptSGm6,"Feist, Boys Noize",My Moon My Man - Boys Noize Remix,,2007,2026-10-04
spotify:track:6ir2lTufaVrxmGkhA2rr5k,Squarepusher,Coopers World,Alternative,1997,2026-10-04
spotify:track:6jNM6fKx3WnyHbWBI9hs2r,"Benny Benassi, Gary Go, Skrillex",Cinema (feat. Gary Go) - Skrillex Remix,Dance,2010,2026-10-04
spotify:track:6LNjIsgHNs4q75uPt4rYf6,"Sebastian Ingrosso, Alesso, Ryan Tedder",Calling (Lose My Mind) - Radio Edit,Dance,2010,2026-10-04
spotify:track:6rpueTXRoz00kWOCNhHeSP,"Shotgun Radio, Minnesota, Mimi Page",A Bad Place - Minnesota Remix,Electro,2011,2026-10-04
spotify:track:6Sy9BUbgFse0n0LPA5lwy5,Darude,Sandstorm,Electro,1999,2026-10-04
spotify:track:6TT3UM1MBSQwQilMAteDvJ,"Dimitri Vegas & Like Mike, Ummet Ozcan",The Hum,,2015,2026-10-04
spotify:track:6Y2aomPthmDRCJxRmVcsUl,Too Many Zooz,Subway Gawdz,Rap/Hip Hop,2016,2026-10-04
spotify:track:7AcNnW6YYu9ccecrPxATdk,"Tomaz, Filterheadz",I Love Techno (United As One) - Dub,Electro,2002,2026-10-04
spotify:track:7CAbF0By0Fpnbiu6Xn5ZF7,"Bring Me The Horizon, BABYMETAL",Kingslayer (feat. BABYMETAL),Rock,2020,2026-10-04
spotify:track:7eXFZCiP9GqdMUashk96UF,Grimes,Realiti,Electro,2015,2026-10-04
spotify:track:7tkjjxQfD5vqv2a8xy45jT,"The Chemical Brothers, Q-Tip",Go - Radio Edit,Electro,2015,2026-10-04
spotify:track:7wTdHeitObHcR2eJSgz4BA,"E.VAX, Ratatat",When I'm gone,Electro,2025,2026-10-04
spotify:track:0Jur3mZsQba3vqSpcmsOPm,Sublime,Smoke Two Joints,Rock,1992,2026-10-04
spotify:track:0LQtEJt7x0s6knb6RKdRYc,Zac Brown Band,Chicken Fried,Country,2005,2026-10-04
spotify:track:0ni8h8HAJNFwuL9cMWR9XN,Clutch,The Regulator,Pop,2004,2026-10-04
spotify:track:1x5MjCffpcdHLf65eR9r3T,C2C,Down The Road,Electro,2012,2026-10-04
spotify:track:2ECHkiaP4ymGzjrJl4TGKk,High Fade,Time For A Cig (Twice As Nice),Rock,2026,2026-10-04
spotify:track:2rTU8PTKfcJwQnDbUCnOkO,Dead & Company,"Box of Rain - Live at Folsom Field, Boulder, CO, 7/5/2019",Rock,2016,2026-10-04
spotify:track:2SqLkcztfDC9xtMt3zW9ow,Brave Shores,Never Come Down,Alternative,2014,2026-10-04
spotify:track:3FLnHMQ1gWhEdAn2yqp2uo,Pretty Lights,Rainbows & Waterfalls,Electro,2017,2026-10-04
spotify:track:3fvZo45Y28ly1QBo05pujJ,Jungle,Let's Go Back,Electro,2024,2026-10-04
spotify:track:3gAYUVbpaD4u7t27lPFaGL,"Phoenix, Holy Ghost!",Lisztomania - Holy Ghost! Remix,Alternative,2009,2026-10-04
spotify:track:3GtzidVERnat4IUCDtfRFb,Trey Anastasio,Push on 'Til the Day,Alternative,2002,2026-10-04
spotify:track:3Ib3SJV8ZXuLvDiDb2w1As,Soul Asylum,Runaway Train,Rock,1991,2026-10-04
spotify:track:3S1fsqAI2wseDq6JcpamoY,GHOSTWOMAN,The End of a Gun,Rock,2022,2026-10-04
spotify:track:4CZWCG1KOEZPGdQqDL85VF,"Wolfgang Amadeus Mozart, Deutsche Oper, Berlin, Karl Böhm, Edith Mathis, Gundula Janowitz","The Marriage of Figaro / ""Duettino"" Sull 'Aria",,,2026-10-04
spotify:track:4EEjMyQub6tgFVshlM9j1M,Jimmy Buffett,Margaritaville,Country,1976,2026-10-04
spotify:track:4IYKjN1DrYzxKXt0umJqsG,"Luniz, Michael Marshall",I Got 5 On It,Rap/Hip Hop,1995,2026-10-04
spotify:track:4zXa17K83Pp6N2yXdVc2sv,"Joe ""Bean"" Esposito",You're The Best,Pop,2009,2026-10-04
spotify:track:5KBUiiDRPsocZlY2v3EtRk,Grand Puba,I Like It (I Wanna Be Where You Are),Rap/Hip Hop,1995,2026-10-04
spotify:track:6BJJ2xW4WLTjBo6vGRBdCt,The Fabulous Thunderbirds,"Look at That, Look at That",Pop,1986,2026-10-04
spotify:track:6ulHEJ6bVJ0afE8xzz6P9B,The Hold Steady,Constructive Summer,Alternative,2008,2026-10-04
spotify:track:6XjzinnQJMwFYbka5zZRYA,Andreas Johnson,Glorious,Pop,1999,2026-10-04
spotify:track:76gntP6fUkwUokmxWcASok,Howard Tate,Stop,R&B,1967,2026-10-04
spotify:track:7Bz8yww6UMbTgTVLG6zbI4,War,Low Rider,R&B,1975,2026-10-04
spotify:track:7ctpNQKu62e7ijC1Wm4cEU,Long Beach Dub Allstars,Rosarito,Rock,1999,2026-10-04
spotify:track:7JmOhmtRpom5qdZegBVWVY,Nether Hour,Next Round,Rock,2023,2026-10-04
spotify:track:7L93GESzq43UkKUt5FsOCq,House Of Pain,Jump Around - 30 Years Remaster,Rap/Hip Hop,1992,2026-10-04
spotify:track:7txTt4a6cxVvlagzxBrSwS,Bonnie Prince Billy,Rubin and Cherise,,2016,2026-10-04
spotify:track:0J7Zv3nJki2SBTvidhMDZy,Foxygen,San Francisco,,2012,2026-10-04
spotify:track:0lZug0vszsADH6dPIkQdZf,Graham Parker,I'll Never Play Jacksonville Again,Pop,2001,2026-10-04
spotify:track:0M2qo3471lo6vo91qHM5Ub,Rainbow Kitten Surprise,Goodnight Chicago,Pop,2015,2026-10-04
spotify:track:0msneWUDfYKAGrifwEDhtl,People Under The Stairs,San Francisco Knights,Rap/Hip Hop,1998,2026-10-04
spotify:track:0nNvuPDSXSrTCqJv5g0kbk,The Cautious,San Diego,Alternative,2018,2026-10-04
spotify:track:0qOP4pfgDR1u4kFKZiSlbK,VÉRITÉ,beverly hills,Pop,2023,2026-10-04
spotify:track:0trHOzAhNpGCsGBEu7dOJo,Nas,N.Y. State of Mind,Rap/Hip Hop,1994,2026-10-04
spotify:track:1BvpeiApX8qhof8Pmi3YlH,Ace Frehley,New York Groove,Rock,1978,2026-10-04
spotify:track:1RWMydoqnPlMiHV7oEPwHo,Russ Chimes,Daytona,Electro,2009,2026-10-04
spotify:track:1WLraAmbqSQZgojExpWjzi,Les Claypool,Battle of New Orleans,,,2026-10-04
spotify:track:1z9Vxm6Gij3AkTjVUlcnLT,New York Dolls,Looking For A Kiss,Rock,1973,2026-10-04
spotify:track:1ZEOIhSn6BKErV59bIgn76,The Mamas & The Papas,California Dreamin',Pop,1965,2026-10-04
spotify:track:2JTBNz8VZx7i38pcPROWuz,The New Basement Tapes,Kansas City,Alternative,2014,2026-10-04
spotify:track:2MQhTbX792AT6YyzwLz9dt,Houndmouth,Sedona,,2015,2026-10-04
spotify:track:34XDCzYqrLMa9AcVsGkHzI,Twisted Teens,Florida Water Blues,Alternative,2026,2026-10-04
spotify:track:35sEYu9d2rT5BPLiOiMYob,Buddy Guy,Meet Me in Chicago,Rock,2013,2026-10-04
spotify:track:3cSiak7QQJDtehsHyL20Xk,Neva Dinova,Brooklyn,Alternative,2002,2026-10-04
spotify:track:3FstzqPlDAJOeaZOdOYFdM,The Greeting Committee,Flint,Alternative,2018,2026-10-04
spotify:track:3jResn71j8cny7NpgsR1E5,Operation Ivy,Hoboken - 2007 Remaster,Alternative,1988,2026-10-04
spotify:track:3zXDhlxMUfaY3ZxNsjQq5t,Tapes 'n Tapes,In Houston,Rock,2005,2026-10-04
spotify:track:4a6wMBmigdmCETJIttFOkr,"Cory Wong, Victor Wooten",Welcome 2 Minneapolis - The Power Station Tour Live,R&B,2016,2026-10-04
spotify:track:51JoJiSarM4kl7i4c19fkF,Della Mae,Boston Town,Rock,2014,2026-10-04
spotify:track:5RsUlxLto4NZbhJpqJbHfN,Rick Springfield,Jessie's Girl,Rock,1980,2026-10-04
spotify:track:5VbePtZp1at8gH990zVyTI,Bob Seger,Hollywood Nights,,2006,2026-10-04
spotify:track:6cOY9RoMaakpIlWrqHgwgp,Genesis,Back in N.Y.C. - 2007 Stereo Mix,Pop,1974,2026-10-04
spotify:track:6d4El6z4CKzr4aDnc0cM0E,Tennis,South Carolina,Alternative,2010,2026-10-04
spotify:track:6ftiUgBqCss7pYXNm2hrVb,Grant Lee Buffalo,Homespun,Alternative,1996,2026-10-04
spotify:track:6gSqWkDtlbNj5xQRwE7y3V,The Juliana Hatfield Three,Feelin' Massachusetts,Rock,1993,2026-10-04
spotify:track:7djpYBtiqxvuqTZluG5NXg,North Mississippi Allstars,Up and Rolling,Rock,2019,2026-10-04
spotify:track:7lt8wWfuAFUnrzkNFJXBU7,Ondara,An Alien In Minneapolis - Edit,Rock,2022,2026-10-04
spotify:track:0hSkGm8lLXcNhiX6jLV265,Amy Winehouse,I Heard Love Is Blind,Pop,2003,2026-10-04
spotify:track:0NGAPQMAKnrAYkn2YVW8lF,Dio,Rainbow in the Dark - 2022 Remaster,Rock,1983,2026-10-04
spotify:track:0sjxRg1VlYfx4YG7uxurrq,Nina Simone,I Put A Spell On You,Jazz,1965,2026-10-04
spotify:track:16MzpxYFNR2fNwTsc9fkti,Quintorigo,Rospo,,1999,2026-10-04
spotify:track:1nGUPxgKc1wmWfi8OkCCic,King Diamond,Abigail,Rock,1987,2026-10-04
spotify:track:1wk5QI8DKu2iwDGpMfUSss,Joy Oladokun,if you got a problem,Singer & Songwriter,2020,2026-10-04
spotify:track:2aC8wwfrM0YeTAzzk8hxqC,Pulp,Disco 2000,Pop,1995,2026-10-04
spotify:track:2lfxVSMld8MUKlW0QhRsf2,Hop Along,Prior Things,Alternative,2017,2026-10-04
spotify:track:2PEeJ1P1s6vJ98cs1BPNmZ,Meg Lui,Gone Girl,Alternative,2026,2026-10-04
spotify:track:2z0T2ifNBfAP06IcYo7USy,Rollins Band,Liar - Live,Alternative,1994,2026-10-04
spotify:track:39CZb8gvkKRu20gKpVgwbR,Sarah Simmons,One Of Us - The Voice Performance,Alternative,2013,2026-10-04
spotify:track:3D01ck0DR2MKFOf47xq1bo,Aretha Franklin,Spirit in the Dark,Pop,1970,2026-10-04
spotify:track:3mJTb0kcVU4q8s9DvAJRvz,"Pete Townshend, Alfie Boe, Royal Philharmonic Orchestra, Robert Ziegler, London Oriana Choir",Love Reign O'er Me,Rock,1983,2026-10-04
spotify:track:3S80U4lmgrsYM9Ew93Z82P,Neko Case,"Hold On, Hold On",Alternative,2006,2026-10-04
spotify:track:4FetfHvLaU9JW0PX9YkToQ,"stories, Hunter",Wait for the Moment,Pop,2019,2026-10-04
spotify:track:4oSEDFCaImn6rbwPzSZlab,Fuel,Daniel - Elton John Cover,Pop,2000,2026-10-04
spotify:track:4xdHI4eFNst0vTZuuKrWjr,Soundgarden,Black Hole Sun,Rock,1994,2026-10-04
spotify:track:5GHY1DFWKz3Prg2V0Iodqo,Sinéad O'Connor,Nothing Compares 2 U,Rock,1990,2026-10-04
spotify:track:5iJU96441eAZ2VdWgxdyJa,Foxy Shazam,Oh Lord,Alternative,2010,2026-10-04
spotify:track:5KPEvZ5K7EfRxDOh1NFiVT,"SMASH Cast, Megan Hilty",They Just Keep Moving The Line (SMASH Cast Version) (feat. Megan Hilty),Films/Games,2012,2026-10-04
spotify:track:5OItvMnlXm5OugNhUQwxgS,Soundgarden,Slaves & Bulldozers - Remastered 2016,Rock,1991,2026-10-04
spotify:track:5yXPNJX2VDegRliiqdLz4I,Lady Blackbird,Let Not (Your Heart Be Troubled),,2024,2026-10-04
spotify:track:623rRTKwGmgjH6sjE9uWLh,Scatman John,Scatman (ski-ba-bop-ba-dop-bop),Pop,1994,2026-10-04
spotify:track:68IaufFR18zolGm8wn3Hq7,Frankie Ruiz,La Rueda,Latin Music,1989,2026-10-04
spotify:track:7dZ1Odmx9jWIweQSatnRqo,Lady Gaga,Million Reasons,Pop,2016,2026-10-04
spotify:track:7EqpEBPOohgk7NnKvBGFWo,"Leslie Odom Jr., Original Broadway Cast of Hamilton",Wait for It,Films/Games,2015,2026-10-04
spotify:track:7G6NU3cp3ufNMEFCI2l90X,Weyes Blood,"It's Not Just Me, It's Everybody",Alternative,2022,2026-10-04
spotify:track:7MOTtwqTGFjlN5l88UXGUO,Sara Watkins,Long Hot Summer Days,Films/Games,2009,2026-10-04
spotify:track:06PzeC4HEk1kRwPFswuPFy,Empty Country,Ultrasound,Alternative,2019,2026-10-04
spotify:track:0kNv6Gz2ckBlK7sFqUEItr,The Walking Who,Candy Flu,Rock,2011,2026-10-04
spotify:track:1CsD7hYbW1gFlgPH9zMfeI,Jackson Browne,Doctor My Eyes - Remastered,Pop,1972,2026-10-04
spotify:track:1JcIXOir94YUYBt2cXTzn2,Noah Kahan,Growing Sideways,Alternative,2022,2026-10-04
spotify:track:1NPCVCxO4QkYOb7RdshKCC,Thee Oh Sees,Palace Doctor,Alternative,2015,2026-10-04
spotify:track:1soxeK1ZBX9SsSjK4j4ECa,UFO,Doctor Doctor - 2007 Remaster,Rock,1974,2026-10-04
spotify:track:1uCqIhOePc6hDMG2ijk8sp,Spin Doctors,Little Miss Can't Be Wrong,Pop,1990,2026-10-04
spotify:track:1UqhkbzB1kuFwt2iy4h29Q,Young the Giant,Cough Syrup,Alternative,2010,2026-10-04
spotify:track:3B1cnD5CuR6WSN71V7Rlco,Phish,Down With Disease,Alternative,1994,2026-10-04
spotify:track:3DAS73V6QZiwkMuuuApoWk,Fat Boys,Protect Yourself/My Nuts,Rap/Hip Hop,1987,2026-10-04
spotify:track:3VZmChrnVW8JK6ano4gSED,Marvin Gaye,Sexual Healing,Dance,1982,2026-10-04
spotify:track:4f3phKXMCHPgLkGVVwMe5V,The Vaccines,Teenage Icon,Alternative,2012,2026-10-04
spotify:track:4MuNSxnGFWEiGZjWminPzg,Phyphr,Still Alive,Electro,2019,2026-10-04
spotify:track:4OAdQD3GRFrqPf7T8g6fkQ,"Joe Strummer, The Mescaleros",Coma Girl,Rock,2003,2026-10-04
spotify:track:4z1O25cq9g2kuJemmUxc21,Ed Sheeran,Small Bump,Pop,2011,2026-10-04
spotify:track:55ROr3cl3yi4YRBgfpDy1d,J.J. Cale,Call The Doctor,Rock,1971,2026-10-04
spotify:track:5fVZC9GiM4e8vu99W0Xf6J,The Fray,How to Save a Life,Rock,2005,2026-10-04
spotify:track:5oNyskwKyRceUQaYzmWobx,The Devil Makes Three,All Hail,Folk,2009,2026-10-04
spotify:track:5s63Xkp0rI8F25HpxNoTRw,Guided By Voices,Surgical Focus,Pop,1998,2026-10-04
spotify:track:5ZEscQFeOiy8ssNvvI6Kap,The Kinks,Acute Schizophrenia Paranoia Blues - 2022 Remaster,Pop,1971,2026-10-04
spotify:track:63ECpL8tzBDmwHpwSPWqaT,Relient K,Doctor Worm,Alternative,2011,2026-10-04
spotify:track:6AevVhFCIjykShM9H0oJyd,Thompson Twins,Doctor! Doctor!,Pop,1983,2026-10-04
spotify:track:6d5x9msyvIh2EB1wJpvAX1,Flamin' Groovies,Rockin' Pneumonia and the Boogie Woogie Flu,Pop,1969,2026-10-04
spotify:track:6jcKQzA6fxIrof4AlrojG1,St. Vincent,Pills,Alternative,2017,2026-10-04
spotify:track:7dZGKKXuq4xqJYvO0ubGUl,Thunder Jackson,Love Sick Doctor,Alternative,2020,2026-10-04
spotify:track:7Mrd68jAZCYztWrhuO64nK,The Morning Benders,Patient Patient,Alternative,2008,2026-10-04
spotify:track:7rUcnwkylFhXmKe2Add0rD,Surgeon,Depart,Electro,1997,2026-10-04
spotify:track:7tQcHPmcQ22XiCW9Qz0nfT,"Dr. Fresch, Marten Hørger",Take A Step Back,Electro,2020,2026-10-04
spotify:track:05f8Hg3RSfiPSCBQOtxl3i,Led Zeppelin,When the Levee Breaks - Remaster,Rock,1971,2026-10-04
spotify:track:0K1zu0OEOTd3s1l4M47Q9x,Djo,Love Can't Break The Spell,Alternative,2025,2026-10-04
spotify:track:0lb1HEUgaJzdcRcv9JIOC7,Blues Traveler,Optimistic Thought,Rock,1991,2026-10-04
spotify:track:0n59rZeYlyGc5EQ9A0Ntvu,Horseshoes & Hand Grenades,Whiskey,Country,2013,2026-10-04
spotify:track:0tu53h76jnH7Kza88En6or,Kahimi Karie,En melody,Pop,2002,2026-10-04
spotify:track:17UBMCCDAW4AQLlBMHX4Ux,Smokey River Boys,Stone Fox Chase,Country,2010,2026-10-04
spotify:track:1DkQMumDKBy6wj8QyaVGbx,David Gilmour,There's No Way Out of Here,Rock,1978,2026-10-04
spotify:track:1Ecj44aLEpLZ6DhgFwec1T,Hawkwind,Hurry on Sundown - 1996 Remaster,Rock,1969,2026-10-04
spotify:track:1gOegRRLEdPRnA1lqeSjSt,Gregor Barnett,Don't Go Throwing Roses In My Grave,Alternative,2021,2026-10-04
spotify:track:1HpBm13TNcyMW3PoUrlZPv,Blues Traveler,But Anyway,Rock,1990,2026-10-04
spotify:track:1LhMScqQCHh1u1CZA3PJTu,Wilco,She's a Jar,Rock,1998,2026-10-04
spotify:track:1Q5kgpp4pmyGqPwNBzkSrw,The Doors,Roadhouse Blues,Rock,1970,2026-10-04
spotify:track:1qDJlpLzK9kvwV7fosIoFm,The The,Slow Emotion Replay,Pop,1992,2026-10-04
spotify:track:1QHMilx7q7OlJrOp7OB9MM,The Walkabouts,The River People,Alternative,1993,2026-10-04
spotify:track:20P7c3wRj3eyYGIwJlXtWC,Howard Levy,Corned Beef on Rye in Fm,Jazz,2023,2026-10-04
spotify:track:2fUUIfU0WurkHNLoUJwGnH,Black Rebel Motorcycle Club,Ain't No Easy Way,Rock,2005,2026-10-04
spotify:track:3edsDIEAQzh6vUAqbXlQbj,The Helio Sequence,Harmonica Song,Alternative,2004,2026-10-04
spotify:track:3VbGCXWRiouAq8VyMYN2MI,The Beatles,Love Me Do - Remastered 2009,Rock,1962,2026-10-04
spotify:track:4nXkbcTj3nyww1cHkw5RAP,The Doobie Brothers,Long Train Runnin',Rock,1973,2026-10-04
spotify:track:4sHhDo1WDIEUWYTGgBSECU,The Rainmakers,Spend It On Love,Rock,1989,2026-10-04
spotify:track:4tMdNOj6clDd3QDiB3e1Du,Scruffy The Cat,Mybabyshe'sallright,Rock,2014,2026-10-04
spotify:track:4ZWk2MpXBIQv0hd5KO8VwE,Little Walter,Tell Me Mama,Rock,1953,2026-10-04
spotify:track:5c8XmA35yW8MUnMbkyWvjI,Sister Sparrow,Catch Me If You Can,Alternative,2015,2026-10-04
spotify:track:5PiDPyXpgEDNapsnJ3MbUs,The Record Company,On The Move,Rock,2012,2026-10-04
spotify:track:5yR9u8QiOt8hJaddv32oo7,Chaka Khan,I Feel for You,Dance,1984,2026-10-04
spotify:track:63JnxEXDf3DQwDq1PWxTRI,"D Fine Us, Vigz Caldwell",Safe to Disconnect,R&B,2019,2026-10-04
spotify:track:6ED55VLiJwnaWEuo45f6MF,The J. Geils Band,Whammer Jammer,Rock,1971,2026-10-04
spotify:track:7CI0VS6ETno5mgHi4PoCrY,Alice In Chains,Don't Follow,Pop,1993,2026-10-04
spotify:track:7wOKVOhqghB6rCyaPWVegJ,Stevie Wonder,Boogie On Reggae Woman,R&B,1974,2026-10-04
spotify:track:0PSxgms5q4pEtRGXRw2oWK,Linda Perhacs,Chimacum Rain,Folk,1970,2026-10-04
spotify:track:1dr1B13MHzq77BC5d4zko9,"Ra Ra Riot, Rostam",Water (feat. Rostam),Alternative,2015,2026-10-04
spotify:track:1HFfMOxCAT4GAwaPfCdmUs,"Mr. Probz, Robin Schulz",Waves - Robin Schulz Radio Edit,Pop,2013,2026-10-04
spotify:track:1huhwRoSEj1sFshGH30BrP,Pond,Fire In The Water - Live,,2017,2026-10-04
spotify:track:1TAhpfawRVukRRKsZ3Y8bo,The Arcs,Lake Superior,Rock,2016,2026-10-04
spotify:track:29AfxKFXGIlwu6SL2i7TQH,The Essex Green,By the Sea,Alternative,2003,2026-10-04
spotify:track:2D4D3hiOf5U0W6SvJoCQph,Billy Ocean,"Get Outta My Dreams, Get Into My Car",Pop,1988,2026-10-04
spotify:track:2fXLhLA7cPYEmQ1NbeAtBD,Sublime,Badfish,Rock,1991,2026-10-04
spotify:track:2JAECj9kBYQHb8AqJ2rsxt,Toad The Wet Sprocket,Walk On the Ocean,Rock,1991,2026-10-04
spotify:track:2OcX0meMpiyTlWIhBMwNW0,Ladi6,Like Water,,2010,2026-10-04
spotify:track:2SiqlgLMfKQbczSMRp8drY,Blue October,Into The Ocean,Alternative,2006,2026-10-04
spotify:track:2W6XudRTLcw3MJEUPk8n1p,Beach Fossils,Run To The Moon,Alternative,2023,2026-10-04
spotify:track:3CgZCQyuyxHRMWB9BTwmni,Frank Ocean,Swim Good,Alternative,2010,2026-10-04
spotify:track:3e2fDgC93LGc9Lbdvr6I9k,Mad Season,River Of Deceit,Rock,1994,2026-10-04
spotify:track:3Q94nDVYghtE5sqLrnAAmG,"Oneness Of Juju, Plunky",River Luv Rite,R&B,1976,2026-10-04
spotify:track:3yai7Y1YXceKSmyJke0zGS,Great Lake Swimmers,Root Systems,Alternative,2017,2026-10-04
spotify:track:47RDzk3uT014BXqc4oevq5,Porches,Underwater,Alternative,2015,2026-10-04
spotify:track:48yVrLnxGePtxTPak78KyL,BoomBox,Watergun,Rock,2010,2026-10-04
spotify:track:49skdn8Truaufvcz8BXmtT,The Drums,Lets Go Surfing,Alternative,2009,2026-10-04
spotify:track:4WsMiCApjwyBaDBBJPTf0b,Frankie Ford,Sea Cruise,R&B,1959,2026-10-04
spotify:track:515VyhWLBDiEC8SFHSO2zw,The Verve,Star Sail - Remastered 2016,Rock,2016,2026-10-04
spotify:track:59tcQJiHwApzE4h6yVnL9i,John Butler,Ocean,Alternative,1998,2026-10-04
spotify:track:5acyYcxg6ZQpTh8JeKhVaO,Hot Water Music,Just Don't Say You Lost It,Rock,1997,2026-10-04
spotify:track:5rkaipGsbnd4eZTPx33NHt,Fela Kuti,Water No Get Enemy,,1975,2026-10-04
spotify:track:5ZvHcR4OSwvEV5IhigbTOT,RÜFÜS DU SOL,Underwater,,2018,2026-10-04
spotify:track:6iYZuHW7IAUTvUpvRTVQZA,Band of Horses,The Great Salt Lake,Alternative,2005,2026-10-04
spotify:track:7a13xzsyUJGciP6Wr3Ku6R,Commodores,Slippery When Wet,R&B,1975,2026-10-04
spotify:track:7rMvxY857vXy8ztbmXYTXz,Wild Rivers,Thinking 'Bout Love,Alternative,2019,2026-10-04
spotify:track:0etUdU5dmPy7jOMS2tt5TG,The Pogues,Love You 'Till the End - 2006 Remaster,Pop,1995,2026-10-04
spotify:track:0Qkpq7c2ZqngQnoo7RUuV5,Gregory Alan Isakov,The Parting Glass,Films/Games,2025,2026-10-04
spotify:track:0sfMc7DhDVGRuTvVb53s5v,Boy & Bear,Southern Sun,Alternative,2013,2026-10-04
spotify:track:0UAEKR6MERtRUStQcSEdsH,Lettuce,Everybody Wants to Rule the World,Jazz,2019,2026-10-04
spotify:track:179gvZNzUcGzZQAKyRNNJD,J Mascis,Fade Into You,Alternative,2014,2026-10-04
spotify:track:1uigwk5hNV84zRd5YQQRTk,Natasha Bedingfield,Pocketful of Sunshine,Pop,2007,2026-10-04
spotify:track:1Uxk2dxmATlKH5quLX2iFG,Elvis Presley,If I Can Dream - Live from the '68 Comeback Special,Rock,1968,2026-10-04
spotify:track:1ZnXuijpwEBjhNxpEnb8WH,Cocteau Twins,Lorelei,Alternative,1984,2026-10-04
spotify:track:2h47SG8bNphmicAll4H9RV,Oingo Boingo,Dead Man's Party,Pop,1985,2026-10-04
spotify:track:2hWbr9ROYS3au3s1bSRFZJ,Patti Smith,Up There Down There,Rock,1988,2026-10-04
spotify:track:2oSGqdGQe1acylOrQ6kYGN,"CAPYAC, RuDi Devino",Fade Out,Electro,2017,2026-10-04
spotify:track:2YkIDPL5lGhRhomCq4S2RO,Frank Sinatra,My Way - 2008 Remastered,Jazz,1969,2026-10-04
spotify:track:2zYzyRzz6pRmhPzyfMEC8s,AC/DC,Highway to Hell,Rock,1979,2026-10-04
spotify:track:33HK3AInjJCqMrCHN2Kg5g,Japanese Breakfast,In Heaven,Alternative,2016,2026-10-04
spotify:track:3A02f2nXSbpeY9uXHi7oMi,Virtual Self,Ghost Voices,Electro,2017,2026-10-04
spotify:track:3edmuk8dvvORcvTEh1GWyq,William Elliott Whitmore,Hell or high water,Alternative,2008,2026-10-04
spotify:track:3zXjCOnPipIGOyHTGRaM52,Grateful Dead,Brokedown Palace - Live; 2004 Remaster,Pop,1970,2026-10-04
spotify:track:4Fx3LVYQXplhz70cfoqbgq,Kermit,"Rainbow Connection - From ""The Muppet Movie""/Soundtrack Version",Films/Games,1979,2026-10-04
spotify:track:4ZYCwq1EMPY5zZt195ARWg,Crowded House,Better Be Home Soon,Rock,1988,2026-10-04
spotify:track:5gJKsGij5oGt5H5RSFYXPa,The Champs,Tequila,Pop,1958,2026-10-04
spotify:track:5luOvrlnzfvJQdQjrScVj4,Opus,Live Is Life (Digitally Remastered) - Single Version,Pop,1984,2026-10-04
spotify:track:69WzNkdbqaJEK6XanOkB4P,Steven Wilson,The Raven That Refused to Sing,Rock,2013,2026-10-04
spotify:track:6a6yTBNxucZ6U2WOsbTsOr,John Prine,Please Don't Bury Me,Rock,1973,2026-10-04
spotify:track:6d4FWjx72iuRWzn1HwywLK,Black Pumas,Colors,Alternative,2019,2026-10-04
spotify:track:6EOJbFvUdTS5IRhRiegj4x,Sam Smith,To Be Free,Pop,2025,2026-10-04
spotify:track:6EP7hyb8bBzeGS44AetoEh,Megafaun,Real Slow,,2011,2026-10-04
spotify:track:6JNThpXvf7eIQw1ltV3nUH,The String Cheese Incident,Elijah,Alternative,2003,2026-10-04
spotify:track:7lRlq939cDG4SzWOF4VAnd,My Chemical Romance,I'm Not Okay (I Promise),Rock,2004,2026-10-04
spotify:track:06e5av3LwtYNpjRMfI9ZDz,New Age Healers,Moored,Alternative,2026,2026-10-04
spotify:track:06pRRMDsx7mdfZQy10it40,Mos Def,Sunshine,Rap/Hip Hop,2004,2026-10-04
spotify:track:0KGCTdgtxawKhrNrbuT10z,Merle Haggard,Working Man Blues,Country,1969,2026-10-04
spotify:track:0oA9wBGDY4uyILLg4GymWP,"AnnenMayKantereit, Giant Rooks",Tom's Diner,Rock,2019,2026-10-04
spotify:track:0WhVTbDeasYVGy8TWdKi0d,Phunk & Wangles,Punch The Clock,,,2026-10-04
spotify:track:1gkn90ExKRNAOlhDs4RoW0,Rush,Working Man,Rock,1974,2026-10-04
spotify:track:1pH0ZuY6owJ8sao2eZsx7g,Tim Curry,I Do The Rock,Rock,1979,2026-10-04
spotify:track:1Y0fLiphJPvf7Rs56aAL3O,Van Morrison,Cleaning Windows,Rock,1982,2026-10-04
spotify:track:1Z7C8ClE8UEaH70jCCeJH2,The Notorious B.I.G.,Ten Crack Commandments - 2014 Remaster,Rap/Hip Hop,1997,2026-10-04
spotify:track:21NhrNOfIoakyWISXUMkFN,The Silhouettes,Get a Job,Rock,1957,2026-10-04
spotify:track:2KeEzXxpADVpW1gbUj0rS7,Lars Frederiksen and the Bastards,To Have And To Have Not,Alternative,2001,2026-10-04
spotify:track:2ORVHijyYA8bAOCVaIbmdS,Mitski,Working for the Knife,Alternative,2021,2026-10-04
spotify:track:2ZMzfhiEomDqeI1bRNBl0H,"The Polish Ambassador, Lafa Taylor",Forever Lost,Electro,2014,2026-10-04
spotify:track:33T6ABvdB3P2iYOWJnBjsQ,J Dilla,Workinonit,Rap/Hip Hop,2006,2026-10-04
spotify:track:3iA4foXIFpekwHyma7pRs1,Men At Work,Overkill,Pop,1982,2026-10-04
spotify:track:477XuL6LgQdlwrbuEVClDh,"Dirty Projectors, Amber Coffman",Stillness Is The Move,Alternative,2009,2026-10-04
spotify:track:4BRkPBUxOYffM2QXVlq7aC,The Beatles,Taxman - Remastered 2009,Rock,1966,2026-10-04
spotify:track:4rLmt4hvKAx5C1PRpj1lg6,Midnight Star,Operator,R&B,1983,2026-10-04
spotify:track:4tCtwWceOPWzenK2HAIJSb,"Fifth Harmony, Ty Dolla $ign",Work from Home (feat. Ty Dolla $ign),Pop,2016,2026-10-04
spotify:track:4u5lpvG50zI3af2ihFI5Rw,Joe Jackson,Friday,,1979,2026-10-04
spotify:track:4wjE62bHELzlZvE52cxMfL,Suki Waterhouse,"Model, Actress, Whatever",Alternative,2024,2026-10-04
spotify:track:5CoFlDNzKipUkUQX8mixjc,The Receiving End Of Sirens,"The Salesman, The Husband, The Lover",Alternative,2007,2026-10-04
spotify:track:5TloYFwzd09yWy8xkRLVUu,Jungle,Busy Earnin',Electro,2014,2026-10-04
spotify:track:60F6ntlU0uSzgChmyQyVJP,Styx,Blue Collar Man (Long Nights),Rock,1978,2026-10-04
spotify:track:63dsx4UMGHGjOOc7istUjc,Frankie Valli & The Four Seasons,Working My Way Back to You,Pop,2001,2026-10-04
spotify:track:6H96yLcXFKuBYTFEEi4Vl2,Rayland Baxter,Willy's Song,Alternative,2012,2026-10-04
spotify:track:6jIRZdegdbwt1Z6l8XW7Iq,Qveen Herby,Sugar Daddy,Pop,2020,2026-10-04
spotify:track:6jTVgLW9dwaw8w2IvrMcxo,Old & In The Way,Working On A Building,Rock,1997,2026-10-04
spotify:track:7fNlNyjeHPcIoPHub11htH,The Strypes,Blue Collar Jane,Rock,2013,2026-10-04
spotify:track:05HElY3EVth4SMuOJOGusl,Perfume Genius,On the Floor,Alternative,2020,2026-10-04
spotify:track:0RLl3obXeC2HsCQcI1EglP,Amber Mark,Sweet Serotonin,Pop,2025,2026-10-04
spotify:track:0vA22XqeWCVZSSIjTxaKFw,David Gray,Heart and Soul,Folk,2021,2026-10-04
spotify:track:1oAwsWBovWRIp7qLMGPIet,Cigarettes After Sex,Apocalypse,Alternative,2017,2026-10-04
spotify:track:1Q7EgiMOuwDcB0PJC6AzON,"Daniel Caesar, H.E.R.",Best Part (feat. H.E.R.),R&B,2017,2026-10-04
spotify:track:1WMgD7XURLt8bb5p8uM2Pj,"breathe., L.A. Rose",Heat,Electro,2019,2026-10-04
spotify:track:2IFaUS63AIAr9P46W1lEwt,Parcels,IknowhowIfeel,Alternative,2018,2026-10-04
spotify:track:3KPwt1LBpt1jVSHz8GXERo,Bad Company,Feel like Makin' Love - 2015 Remaster,Rock,1975,2026-10-04
spotify:track:3M6Ks6qh3w9LNCIqxsYtbE,Trippy Turtle,Trippy's Theme,Electro,2014,2026-10-04
spotify:track:3pepZAOvUCBt3qWi9Ax6Aq,Barry White,"Never, Never Gonna Give Ya Up",R&B,1973,2026-10-04
spotify:track:4a5aC5C4MAfqHPGgVZhSrr,"Earth, Wind & Fire",Love Music,R&B,1978,2026-10-04
spotify:track:4CBF3Xyapxpf756xmml7KI,Meat Beat Manifesto,10 X Faster Than the Speed of Love,Electro,1990,2026-10-04
spotify:track:4Gy2mnEllofZbpi9ITuWpV,"The BashTones, Baby Bash, Joey Quiñones",Maybe It's Time,Rap/Hip Hop,2013,2026-10-04
spotify:track:4LUMpe4ZSzLItvb5dAx6Ic,George Benson,Turn out the Lamplight,Pop,1980,2026-10-04
spotify:track:4pGIF3R8nau0IBHzrYXzWX,Jamiroquai,Everyday - Remastered 2013,Pop,1996,2026-10-04
spotify:track:4SeSBHW3My7RdB4UW0h1m9,"ALO, Jack Johnson","Girl, I Wanna Lay You Down",Pop,2005,2026-10-04
spotify:track:53fjt1vhNYjl2mSd9iNAGe,Chapter 8,I Just Wanna Be Your Girl,Pop,1979,2026-10-04
spotify:track:5FR54UnizyI8pE5E9Zb0Dt,Ginuwine,Pony,R&B,1996,2026-10-04
spotify:track:5Mmk2ii6laakqfeCT7OnVD,Sisqo,Thong Song,R&B,1998,2026-10-04
spotify:track:5PycBIeabfvX3n9ILG7Vrv,Romeo Santos,Propuesta Indecente,Pop,2013,2026-10-04
spotify:track:5rY5FCpiTfeCGZo4TCSeqX,SLOWBURN,Crave You,,,2026-10-04
spotify:track:61sQYdFNS6sEBYCyr1q5gn,Boyz II Men,I'll Make Love To You,Pop,1994,2026-10-04
spotify:track:68WU2qbFtn7lcgUijVbRs3,"David Banner, Jazze Pha",Fucking,Rap/Hip Hop,2005,2026-10-04
spotify:track:6FMMd1fixOMmhplCevpjL7,"Masego, FKJ",Tadow,R&B,2017,2026-10-04
spotify:track:6gpF9X9AliEO6f91LJT8Ej,"Flight of the Conchords, Jemaine Clement, Bret McKenzie",Business Time,Films/Games,2004,2026-10-04
spotify:track:6w3M711hBBhpyW8UxyU5A9,Dub Syndicate,Wadada (Means Love) Part 2,Electro,1991,2026-10-04
spotify:track:7pOWWGpUc3T05IXfymgIP3,The Drifters,This Magic Moment,Pop,1963,2026-10-04
spotify:track:07bIr9feikDLBAYJ87k6Zc,CPR,Morrison,Rock,1998,2026-10-04
spotify:track:07iyEskDCwWEhQ7F0rk34d,Jurassic 5,Jurass Finish First,Rap/Hip Hop,2000,2026-10-04
spotify:track:0cGvHzeVPpH511QtO9wSY5,Local H,Eddie Vedder,Rock,1996,2026-10-04
spotify:track:0dupEkAq7v5mTay6lJBvRx,KRS-One,I Can't Wake Up,Rap/Hip Hop,1993,2026-10-04
spotify:track:0n7d3no0cHnsnkgfFzDuj4,"Jimmy Eat World, Davey Vonbohlen",A Praise Chorus,Rock,2001,2026-10-04
spotify:track:0oks4FnzhNp5QPTZtoet7c,Daft Punk,Giorgio by Moroder,Dance,2013,2026-10-04
spotify:track:0ztSIQuJ9Bh2oV4uha87KU,Snow Patrol,Hands Open,Rock,2005,2026-10-04
spotify:track:17U2V6JK2DdbpKrndzKKIf,Frank Zappa,Teen-age Wind,Rock,1981,2026-10-04
spotify:track:1V9WSIsXmOo8hw7N37owwU,Moose Blood,Bukowski,Alternative,2013,2026-10-04
spotify:track:28TB9sZcBWN6MYVkD9n7Tq,The Smithereens,Behind The Wall Of Sleep - 2004 Digital Remaster,Rock,1986,2026-10-04
spotify:track:3GOZV32PCMZBNCXqVQUKsW,"Barenaked Ladies, Michael Phillip Wojewoda",Be My Yoko Ono,Pop,1989,2026-10-04
spotify:track:3yfqSUWxFvZELEM4PmlwIR,Eminem,The Real Slim Shady,Rap/Hip Hop,1999,2026-10-04
spotify:track:47PSYUK5a0uR87DUc9NR2g,Pavement,Stereo,Alternative,1997,2026-10-04
spotify:track:4cYUnvZW9GnQRtEdPRX5AP,Strand of Oaks,Goshen '97,Alternative,2014,2026-10-04
spotify:track:4kt3LXTo4UIrir8hRUeCow,Babe Rainbow,Bad Day,Alternative,2023,2026-10-04
spotify:track:4lYcUbBIX51q2NdVYABFt2,Camera Obscura,"Lloyd, I'm Ready To Be Heartbroken",Alternative,2005,2026-10-04
spotify:track:4m3OS54KWywYhP7WD7z1cg,The Dream Academy,Life in a Northern Town,Alternative,1985,2026-10-04
spotify:track:4vIcKCVTVXwTV7r6Ji0LfP,Hey Steve,Miss Prince,Alternative,2017,2026-10-04
spotify:track:5EA7UNBqezqvJHKHxHRdz4,"Lupe Fiasco, Matthew Santos",Superstar,Rap/Hip Hop,2007,2026-10-04
spotify:track:6c2oEVTYGJ1htg6yypDb1V,The Last Emperor,Secret Wars I,Rap/Hip Hop,2003,2026-10-04
spotify:track:6doSV1UQjyKxiNCnBnDTeG,Adam Sandler,The Chanukah Song,Films/Games,1995,2026-10-04
spotify:track:6jR6FMCEoWGdEpFVRlMZM7,Pavement,Range Life,Alternative,1994,2026-10-04
spotify:track:6kotXaSQaGYxE62hVpdHWu,Warren Zevon,Werewolves of London,Rock,1978,2026-10-04
spotify:track:6MghO8PyV56V3VzlXgsscx,Holy Ghost!,Jam For Jerry,,2011,2026-10-04
spotify:track:73mlvsfJM2qwlDUJxeaatI,LCD Soundsystem,Daft Punk Is Playing at My House,Pop,2004,2026-10-04
spotify:track:7Fk94wDxTAQVUQw4dUpRyK,Chiddy Bang,Ray Charles,Rap/Hip Hop,2011,2026-10-04
spotify:track:7rpKFFRgEFbFD0H5SkiLfg,Wishy,Fly,Alternative,2025,2026-10-04
spotify:track:15uzP4I5pMX4dfQ9Lx72h1,"IDLES, LCD Soundsystem",Dancer,Alternative,2023,2026-10-04
spotify:track:2it55aRL4X14MEBaboOapP,Havana 3 A.M.,Reach The Rock,Alternative,1991,2026-10-04
spotify:track:2jXipBZE54YgKTWMzt8ZE7,"Brooklyn Funk Essentials, Alison Limerick, Ebba Åsman, Desmond Foster",Bust The Bus Stop - Edit,Jazz,2026,2026-10-04
spotify:track:2lMo0dNncO9Nivs537rfOV,"Alex Newell, Jess Glynne, DJ Cassidy, Vinyl on HBO, Nile Rodgers",Kill The Lights (with Nile Rodgers),Dance,2016,2026-10-04
spotify:track:2QKLrgXNQtK2c8QbLRO3XC,AJR,Burn The House Down,Alternative,2018,2026-10-04
spotify:track:2vf8mbUbkwCMnW1jqRcKSO,KETTAMA,Man With a Second Face,Electro,2025,2026-10-04
spotify:track:398W8M7yOg2MuZJnlzrRS5,SOFI TUKKER,Batshit,,2018,2026-10-04
spotify:track:3mbqDmgOIqjYiM6cVT2xWI,GRiZ,I’m Good,Electro,2019,2026-10-04
spotify:track:3Pz39nqBJuqqHS0iqtzlC5,MonoNeon,Jelly Roll,Pop,2024,2026-10-04
spotify:track:3QHMxEOAGD51PDlbFPHLyJ,Marc Anthony,Vivir Mi Vida,Latin Music,2013,2026-10-04
spotify:track:3V4LTMmu764I724y0ToD2d,Bloc Party,Flux,Rock,2007,2026-10-04
spotify:track:4AARZ2vuYpBYO9fCVJaBnp,"Medeski, Martin & Wood",Where's the Music,Kids,2006,2026-10-04
spotify:track:4aPX3IT9cskOWmeZvOYc5s,"Kygo, Sandro Cavazza",Hold On Me,Electro,2024,2026-10-04
spotify:track:4h4AEqy0iBbjdlbtWvIx5O,Paul Johnson,Get Get Down,Electro,1999,2026-10-04
spotify:track:4IYyGIbMS5ZkxDXGfPIrXr,The Del-Vikings,Come Go With Me,R&B,1957,2026-10-04
spotify:track:4QUxlbwlSBYiaTT27A5MEj,"Chris Lorenzo, Kah-Lo",In This Bih',Electro,2026,2026-10-04
spotify:track:52681Ivj8kgCi90Lu8B9fl,"Louis The Child, Quinn XCII, Chelsea Cutler",Little Things (with Quinn XCII & Chelsea Cutler),Pop,2020,2026-10-04
spotify:track:53K9tNdYOrdf0YeecN9DhW,Ghost Town DJs,My Boo - Radio Mix,Pop,1996,2026-10-04
spotify:track:5aJI7OzC1n3XKVLgYAxgwj,Bacao Rhythm & Steel Band,PIMP,Rap/Hip Hop,2009,2026-10-04
spotify:track:6GRRR3GTp9kVIfX3J9UcON,Supertaste,Supernova,Electro,2024,2026-10-04
spotify:track:6q6PeTloTbL2vb1Gt9sQQc,Hot Chip,Ready For The Floor,Electro,2007,2026-10-04
spotify:track:6rv94zY6aBygtbk1XpeTu7,"Los Bitchos, Adrian Quesada, Sinkane",Hang Up (Pt 2),Alternative,2026,2026-10-04
spotify:track:6SJ1hWFVBIiUgGgHKvwXCQ,Reel Big Fish,Sell Out,Pop,1996,2026-10-04
spotify:track:6skqlhBr5ilaSrhp73Nc1T,Fine Young Cannibals,Don't Look Back - Remastered,Pop,1988,2026-10-04
spotify:track:6vkNMeUtQAGAsxJ3Recaa9,Johnny Blue Skies,Stay On That,Rock,2026,2026-10-04
spotify:track:6Xe9wT5xeZETPwtaP2ynUz,Avicii,Levels - Original Version,Dance,2011,2026-10-04
spotify:track:7itxMFx7aILXrtT0QB6ISd,Sunmonx,Rokkit Snot,,2012,2026-10-04
spotify:track:0IGsVHB3jwOzuAIeaT4eeW,Mick Ronson,White Light / White Heat,Pop,2009,2026-10-04
spotify:track:0LECzSFXbzglnXjAYjctj2,BoomBox,Who Killed Davey Moore?,Electro,2005,2026-10-04
spotify:track:0NVJMJEAfwmvz8OWsTuzMw,"Trinix Remix, Yvette London, Baydu Adams",Love On The Brain,Alternative,2023,2026-10-04
spotify:track:0YZ3J8xzGwLOg4yEgST1YK,Joe Cocker,With A Little Help From My Friends,Pop,1968,2026-10-04
spotify:track:0zEVKqX74dPaAngMi70hgu,Bettye LaVette,It Don't Come Easy,Pop,2009,2026-10-04
spotify:track:12s8P9IFXjJWwVnX7u26ca,Nine Inch Nails,Dead Souls,Films/Games,1994,2026-10-04
spotify:track:1au1pPMHY9avx43cDT4XXa,A Perfect Circle,What's Going On,Rock,2004,2026-10-04
spotify:track:1bcoI2VWqABMDhwoZHf5dp,Seu Jorge,Starman,Films/Games,2004,2026-10-04
spotify:track:1jZRJKE7GZdiZzVgMS9mv2,Postmodern Jukebox,All About That Bass,Jazz,2014,2026-10-04
spotify:track:1MTQHCpraD4S8g5PAFKzoj,Limp Bizkit,Behind Blue Eyes,Rock,2003,2026-10-04
spotify:track:1ObJSPYg2ZjAXYfaNy3MYq,Sawyer Hill,Folsom Prison Blues,Alternative,2025,2026-10-04
spotify:track:1TaFsBiEO3nE289iJkHT2P,Matt Duncan,Everlong,Alternative,2016,2026-10-04
spotify:track:1YyCS0k5paC5Je2CjTwVQZ,Holly Bowling,I Know You Rider,,2020,2026-10-04
spotify:track:2hXig6qsVWjZad5yJeNVz7,Jason & The Scorchers,Absolutely Sweet Marie,Pop,1983,2026-10-04
spotify:track:2rTmSwFGFK7w26CFZ3kFv1,Widespread Panic,Genesis - Live,Rock,2008,2026-10-04
spotify:track:361lAhhmTs9jZ7qMKOO7JW,Brasstracks,Always Be My Baby,R&B,2019,2026-10-04
spotify:track:3D0bXrSv7O73vOaGOG8J9c,Marilyn Manson,Sweet Dreams (Are Made Of This),,1995,2026-10-04
spotify:track:4EjjWy3ZVrFAgiNgAiwsPs,Fatboy Slim,The Joker,Alternative,2004,2026-10-04
spotify:track:4eS6SJczn7yay78Spw3SPy,"CHVRCHES, triple j",Do I Wanna Know? (triple j Like A Version),Alternative,2014,2026-10-04
spotify:track:4Gya84Qgt7bQFoYKzTf8mP,Flickerstick,Fade into You - Live,Rock,2002,2026-10-04
spotify:track:4RAWWYZJwpCFNKdHEPPVNG,Slothrust,Sex And Candy,Alternative,2017,2026-10-04
spotify:track:4xDh3M3vz55WXyv30Lc6r5,Cowboy Junkies,Sweet Jane,Pop,1988,2026-10-04
spotify:track:5Ext9ObPEi7wIcv5AiQWJy,Sonic Youth,Superstar,Rock,1994,2026-10-04
spotify:track:5KVQyvDLZTjWG0rHepocAI,Phantogram,Take Me Home,,2016,2026-10-04
spotify:track:6CeszonFOlgp7HiawTSqCu,The Gourds,Gin and Juice,Alternative,1998,2026-10-04
spotify:track:6N7JMoaUYgo4pwPgsnSobr,The Smashing Pumpkins,Landslide - Remastered,Rock,1996,2026-10-04
spotify:track:73qnS2NDBF1nJLZ3xisI3W,Blitzen Trapper,I Am a Man of Constant Sorrow,,2016,2026-10-04
spotify:track:7MJNwJNT78fjzZtn0z7W2Q,The Vines,Ms. Jackson,,2002,2026-10-04
